algoritmo,n,fraccion_presupuesto,FEs,error_media,error_mediana,q25,q75
ACO,100,0.01,600,45.48226539995279,45.71576620346922,42.44687186938592,48.44405854561958
ACO,100,0.010985411419875584,659,39.960358856585735,40.704922945992934,37.27161773016867,43.218432601228216
ACO,100,0.012067926406393288,724,35.316372906922,35.85723004902219,32.672407294392784,38.543674291564145
ACO,100,0.013257113655901088,795,32.70378119698666,32.7381206210584,30.629520162968557,35.320859187966406
ACO,100,0.014563484775012436,874,28.886034577736783,29.34598185466868,27.40601953164675,31.034481108886087
ACO,100,0.015998587196060583,960,26.109684988850166,26.345157736649732,23.923344299711303,28.579520688043328
ACO,100,0.017575106248547922,1055,23.13710574376588,23.516684594621168,21.119872366584367,25.02559417700074
ACO,100,0.019306977288832496,1158,20.84510017067773,21.028469232084873,18.562598308369793,22.785119231164842
ACO,100,0.021209508879201904,1273,19.180973884323897,19.330076163427382,17.657628973024764,21.02963740613611
ACO,100,0.023299518105153717,1398,17.66711832009986,17.845208024353582,15.776114450837051,19.517620036413756
ACO,100,0.025595479226995357,1536,16.250732941471917,16.518209714827066,14.71710490754606,18.141632474382913
ACO,100,0.028117686979742307,1687,14.855622758322268,15.129212667897352,13.00741048456309,16.84621418075637
ACO,100,0.030888435964774818,1853,13.682283270443204,14.031845524414805,12.13349097306594,15.411239566597164
ACO,100,0.03393221771895328,2036,12.721472028122568,12.789624389235275,11.045969653567735,14.692729976468168
ACO,100,0.0372759372031494,2237,12.015320803863176,11.795195382788574,10.541644135041185,14.170456511521287
ACO,100,0.040949150623804234,2457,11.410424787777954,11.38259256754796,10.020560738092284,12.955948782142654
ACO,100,0.04498432668969444,2699,10.748319972983634,11.003413515468285,9.243878868208384,12.491109396937784
ACO,100,0.04941713361323833,2965,10.320912244039976,10.367795704197556,8.909732963686622,11.98798522567306
ACO,100,0.054286754393238594,3257,9.93121388716008,10.09061716622657,8.720882208618992,11.453853594487454
ACO,100,0.05963623316594643,3578,9.664317309711384,9.865313738562524,8.518025321676898,11.209742036153415
ACO,100,0.0655128556859551,3931,9.237483230395656,9.358539141728716,8.059968871343953,10.563101970221444
ACO,100,0.07196856730011521,4318,8.776958130640617,9.043397672644435,7.32113394906807,10.223640487624603
ACO,100,0.07906043210907697,4744,8.306657986190771,8.317604509276535,6.87180230524562,9.88934248372065
ACO,100,0.08685113737513525,5211,7.857906286751586,7.87950125822306,6.532723778805228,9.315946220384378
ACO,100,0.09540954763499938,5725,7.464788917103201,7.7235648373003585,6.02380262143982,9.092370832487159
ACO,100,0.10481131341546858,6289,7.105454080356397,7.214668756040711,5.393513579220106,8.879833071858071
ACO,100,0.1151395399326447,6908,6.722766035730759,6.844406993857796,5.082239303069631,8.34387493090238
ACO,100,0.12648552168552957,7589,6.449514670053278,6.3434047208877455,4.92105596758221,8.176758575704767
ACO,100,0.13894954943731375,8337,6.204082682620053,6.044299198514018,4.697531132574427,7.898681590961036
ACO,100,0.15264179671752334,9159,5.855332172001528,5.646362001111516,4.390332020360845,7.577636498542845
ACO,100,0.16768329368110074,10061,5.631411782369664,5.484541882045928,4.007401988991759,7.304330399194422
ACO,100,0.18420699693267154,11052,5.3690866853006245,5.268472498956001,3.6764676724874232,6.972817327837109
ACO,100,0.20235896477251566,12142,5.16443981570605,5.223049850960805,3.3531649602025047,6.730788523794994
ACO,100,0.22229964825261944,13338,4.961128928698204,4.850891439825906,3.326969800366668,6.381041681399967
ACO,100,0.2442053094548651,14652,4.7798249083872895,4.768608243195615,3.117665958384378,6.147644448827248
ACO,100,0.2682695795279725,16096,4.682826091586847,4.641427234185862,3.039119303550128,6.129343915326851
ACO,100,0.29470517025518095,17682,4.482060649142525,4.53052610665748,2.7870056141752446,6.017904940732162
ACO,100,0.32374575428176433,19425,4.3206790939389785,4.467626309624939,2.6772616090551473,5.68584989399329
ACO,100,0.35564803062231287,21339,4.217631234987428,4.35051245682703,2.6305696022271756,5.570003557208651
ACO,100,0.3906939937054615,23442,3.982701254316976,3.9314723058024477,2.5829276116230258,5.355358030864814
ACO,100,0.42919342601287763,25752,3.799575503592229,3.5746886862154197,2.3991960612634973,5.289031696628479
ACO,100,0.47148663634573923,28289,3.642473543181959,3.428028874398416,2.2012404370441985,4.954682308019889
ACO,100,0.517947467923121,31077,3.503800691810152,3.3957817658632057,2.023309349453262,4.820573780471993
ACO,100,0.5689866029018296,34139,3.3586147634278807,3.095432955532609,1.754296792042977,4.691844145643897
ACO,100,0.6250551925273969,37503,3.24916939429547,2.9951427815103857,1.7228023837475395,4.649806503189056
ACO,100,0.6866488450042998,41199,3.122737376400862,2.9408285512223387,1.5600637367475452,4.590895908501076
ACO,100,0.7543120063354615,45259,3.001499883141013,2.9060829515759092,1.4376103979763344,4.513614603112327
ACO,100,0.8286427728546842,49719,2.8977168536722773,2.7617106227939923,1.433940905014261,4.370395622299672
ACO,100,0.9102981779915218,54618,2.8359837655765916,2.691952484831342,1.3643373466669448,4.34676892922651
ACO,100,1.0,60000,2.7338428677329483,2.6632870266957225,1.276383080997759,4.316053952671108
PSO,100,0.01,600,459.53976974706944,449.24130714669025,435.35248816015877,490.82520104140724
PSO,100,0.010985411419875584,659,457.5384895939776,447.4107285681615,430.87566745619057,488.00995738869017
PSO,100,0.012067926406393288,724,456.6149337242366,446.21277045923,430.3104542067619,487.25539529134113
PSO,100,0.013257113655901088,795,455.4232804356818,445.62679842368414,430.0979802546932,483.9673602369247
PSO,100,0.014563484775012436,874,454.02568273138525,445.0564790251883,428.7581814928129,483.1609799733567
PSO,100,0.015998587196060583,960,452.90335913536546,444.6747549069821,428.4179837499246,483.1079059960362
PSO,100,0.017575106248547922,1055,451.9618338402288,443.8534395794954,428.4179837499246,482.07830167978346
PSO,100,0.019306977288832496,1158,451.0846735557706,442.5806466065484,426.88774218484895,480.8952628398423
PSO,100,0.021209508879201904,1273,448.7681866856254,442.2444916479759,422.47626416189,478.6432592754269
PSO,100,0.023299518105153717,1398,447.0014612191832,440.9843389306442,420.4637202592466,476.47438839009016
PSO,100,0.025595479226995357,1536,445.18804037326396,439.25031760474144,420.30029072502396,474.5890575216997
PSO,100,0.028117686979742307,1687,443.396159903868,437.1506282847786,418.74591349806565,472.7485758447384
PSO,100,0.030888435964774818,1853,440.09281465845686,434.18813924740977,412.88512996135273,470.230436748271
PSO,100,0.03393221771895328,2036,438.40760289996405,431.333548481423,412.77625852823286,467.3941961712689
PSO,100,0.0372759372031494,2237,436.0869963206761,431.333548481423,410.0708927662336,463.0106064355365
PSO,100,0.040949150623804234,2457,433.21196904140805,426.4547955338654,407.5262152832161,458.5125650697759
PSO,100,0.04498432668969444,2699,429.32157015387105,425.6680490283236,402.6630050090098,453.7713692850755
PSO,100,0.04941713361323833,2965,426.40600379596697,422.6829399460236,400.79414226478775,449.62829382299543
PSO,100,0.054286754393238594,3257,423.2584076210441,418.08653560221944,398.42379174652876,447.7926050586252
PSO,100,0.05963623316594643,3578,419.91164439059327,416.8938635044193,396.2457093722973,442.23317134116195
PSO,100,0.0655128556859551,3931,415.5849597723513,413.40667703091174,389.0105572843016,436.0146545724309
PSO,100,0.07196856730011521,4318,410.3803367667876,408.78963770001565,383.7223212190868,433.3188861137239
PSO,100,0.07906043210907697,4744,404.4987312015621,401.77420109172755,380.36949381972494,427.22552205467355
PSO,100,0.08685113737513525,5211,398.2703157807748,396.12053761460925,373.7635180742547,422.8059624549322
PSO,100,0.09540954763499938,5725,392.2497772672839,387.6680561808382,365.6519833935286,418.7197872529661
PSO,100,0.10481131341546858,6289,384.7616206589738,382.2001039806222,357.37854210002325,411.07325851705934
PSO,100,0.1151395399326447,6908,377.69441672479377,373.8223864805547,348.15813493897645,405.18231506197753
PSO,100,0.12648552168552957,7589,369.1857245357755,369.9694174557246,335.68395392457796,396.62304635828536
PSO,100,0.13894954943731375,8337,360.0143752005495,363.64716189172555,325.84836622859984,384.5073204241024
PSO,100,0.15264179671752334,9159,350.4371061405794,348.77504683156326,317.8372867576453,379.49270161438585
PSO,100,0.16768329368110074,10061,340.1521014298871,337.61772456490564,305.7411231424235,371.1515552692659
PSO,100,0.18420699693267154,11052,330.151511308925,326.0358216876539,294.9208841126555,362.5881629910422
PSO,100,0.20235896477251566,12142,320.30423055288645,316.77710386530623,287.98779585607815,347.5757447725456
PSO,100,0.22229964825261944,13338,309.6612038192632,306.8236980304358,279.6309001315617,335.87860296263835
PSO,100,0.2442053094548651,14652,298.7062443999928,295.14248487529596,270.3912334134484,323.06355842225236
PSO,100,0.2682695795279725,16096,290.1475930674997,283.7748313128187,262.10224814010456,314.79600399187586
PSO,100,0.29470517025518095,17682,282.1358492073548,273.6185190643596,254.8414834989355,304.41716546457457
PSO,100,0.32374575428176433,19425,275.109354895719,268.01568862826247,248.29285527844988,297.84869804859653
PSO,100,0.35564803062231287,21339,268.99121101012076,261.3862449763893,244.27349150454802,294.9960344391464
PSO,100,0.3906939937054615,23442,264.0340785433015,257.4682611733798,240.80002460512202,289.55052007333404
PSO,100,0.42919342601287763,25752,258.83277131260996,254.1017605542424,234.04466035266407,278.74443054834495
PSO,100,0.47148663634573923,28289,254.45582992643025,252.24802200512062,230.9160320902384,274.6729272240115
PSO,100,0.517947467923121,31077,250.68828190738006,247.85058688423035,228.6493872619908,269.32365475509937
PSO,100,0.5689866029018296,34139,247.15090538354067,244.97539566624022,225.47917062551525,264.4486642378651
PSO,100,0.6250551925273969,37503,243.57404382930807,242.41275178259383,222.84247223128503,259.6054052383516
PSO,100,0.6866488450042998,41199,241.0398553386137,238.70174553115874,221.67481897669722,256.3379219730455
PSO,100,0.7543120063354615,45259,237.99401948571835,234.85466387872503,217.05431465816605,255.12927307219104
PSO,100,0.8286427728546842,49719,235.48877878852508,233.49496390900993,214.50340717848815,252.32458131426537
PSO,100,0.9102981779915218,54618,232.58406112569375,230.83988651756675,210.37096150381137,249.36109463577276
PSO,100,1.0,60000,230.270668882748,228.01292818328704,208.17408935744345,247.73671528033938
HC,100,0.01,600,204.83930897288207,204.98030852236548,192.78896345506544,217.11700836845532
HC,100,0.010985411419875584,659,194.56111314744314,193.0217631057961,182.42027050139492,207.65046208871698
HC,100,0.012067926406393288,724,184.72368694079972,184.1369382311162,174.3485696300824,194.70778359081424
HC,100,0.013257113655901088,795,175.0972459687179,174.5509657064917,163.08297615886482,186.11410465836903
HC,100,0.014563484775012436,874,164.91245794834578,166.0280686448483,155.79554904212145,175.66801837998258
HC,100,0.015998587196060583,960,155.8150288583198,156.47437722626847,146.29612736678564,164.54250378830153
HC,100,0.017575106248547922,1055,146.94655165841283,147.00233973678453,137.91010307035552,156.0466569923929
HC,100,0.019306977288832496,1158,138.69450725967013,139.93120446688573,128.60235250962828,148.46803839801848
HC,100,0.021209508879201904,1273,130.5904060189682,130.10040580670352,122.61768779768403,141.74095051780134
HC,100,0.023299518105153717,1398,122.8022107898408,122.06709670894037,114.60635249818534,130.92118295468734
HC,100,0.025595479226995357,1536,115.0550019249774,114.49880246356358,106.49957816824363,123.18271151773617
HC,100,0.028117686979742307,1687,106.94577861205897,106.77151560517004,98.20457226144697,114.60431170293754
HC,100,0.030888435964774818,1853,100.21856715789161,100.31690769703025,92.54583876357805,108.30330864599803
HC,100,0.03393221771895328,2036,92.85606246907724,92.05856462568906,86.45576088434986,100.59645283248659
HC,100,0.0372759372031494,2237,85.79599554009505,85.80490185242289,79.5880839116982,91.95336859511198
HC,100,0.040949150623804234,2457,79.29001128706092,79.35728941421331,72.89756221708575,85.37534794503965
HC,100,0.04498432668969444,2699,73.37935067004784,73.35824246988118,68.21044712413192,78.94817527640588
HC,100,0.04941713361323833,2965,67.3009409379592,67.2245814664925,62.645453599872724,71.90939668131576
HC,100,0.054286754393238594,3257,62.06195264156697,62.97593045771548,56.391987678540055,67.62619046054438
HC,100,0.05963623316594643,3578,57.338879429670776,58.10393446912845,51.672727153154014,63.380246254411276
HC,100,0.0655128556859551,3931,52.46630234977614,52.804995442609446,46.78657431832927,57.806984441228046
HC,100,0.07196856730011521,4318,48.089295466318426,48.11032756900488,42.67925733842606,53.00916975556203
HC,100,0.07906043210907697,4744,43.75491185427813,44.830583090439795,38.33569102021842,48.305789327168824
HC,100,0.08685113737513525,5211,40.070581625628556,40.34999496999331,35.33132548559186,44.413962089240506
HC,100,0.09540954763499938,5725,36.476053537506225,36.33238919205935,32.66789195218057,40.54365934048643
HC,100,0.10481131341546858,6289,33.077366770651025,33.15656657162799,29.126231185292767,37.00054527132539
HC,100,0.1151395399326447,6908,30.188098833881075,30.13769318468953,26.242933818526303,34.107794451519176
HC,100,0.12648552168552957,7589,27.68655662342102,27.527116664611057,24.19071721230559,31.35149088292472
HC,100,0.13894954943731375,8337,25.23397816061758,25.20330172209035,21.65187162904259,28.56912271476531
HC,100,0.15264179671752334,9159,22.880805801049366,22.304603753117377,19.719731669708203,25.70883382070211
HC,100,0.16768329368110074,10061,20.891561453643085,20.489510326547222,18.00889257089378,23.315278983026566
HC,100,0.18420699693267154,11052,19.063169057333532,18.58493444297629,16.038369769427792,21.658901342832422
HC,100,0.20235896477251566,12142,17.442775960117185,16.935809681684972,14.850225959865643,19.882430566744347
HC,100,0.22229964825261944,13338,16.18569843071137,15.866976321069053,13.770219774800518,18.12632626785543
HC,100,0.2442053094548651,14652,14.92251691207843,14.697379643484222,12.618585234397944,16.643732896190098
HC,100,0.2682695795279725,16096,13.857952255687126,13.562322666658364,11.821227887776256,15.967437342457895
HC,100,0.29470517025518095,17682,12.986813061846796,12.637770526954757,10.894945486034125,14.78101746274014
HC,100,0.32374575428176433,19425,12.314848187191869,12.029232634287585,9.970400346139577,14.453036030102922
HC,100,0.35564803062231287,21339,11.749484505550132,11.551240529728524,9.707994979550794,13.93119463899902
HC,100,0.3906939937054615,23442,11.311634385861984,11.068242339139484,9.29933406728445,13.352844682935086
HC,100,0.42919342601287763,25752,10.86440317173997,10.63757675469579,8.895157911011161,12.763453739876802
HC,100,0.47148663634573923,28289,10.543385994223074,10.461996976763619,8.600142150214083,12.402693175810192
HC,100,0.517947467923121,31077,10.268894528545413,10.011396153310994,8.28760166193516,12.290402236953907
HC,100,0.5689866029018296,34139,10.11184224088867,9.931163158473012,7.95108838556841,12.153026329518408
HC,100,0.6250551925273969,37503,10.046298900821169,9.931163158473012,7.95108838556841,12.000028412491343
HC,100,0.6866488450042998,41199,9.889464586984372,9.75744707176513,7.836151404319345,11.617689999676408
HC,100,0.7543120063354615,45259,9.693135516504595,9.663298929506526,7.770607507619716,11.60191595060408
HC,100,0.8286427728546842,49719,9.581318355150767,9.564409555893302,7.744164281511294,11.440185579568166
HC,100,0.9102981779915218,54618,9.32275613315849,9.289164756982856,7.536873587721061,11.05211072494682
HC,100,1.0,60000,8.982053148343613,8.970783548253772,7.144871202653112,10.860018471465587
SA,100,0.01,600,294.62918918835425,295.8906251337058,268.8352724943454,315.66703082859766
SA,100,0.010985411419875584,659,286.6201848928154,286.87119551625045,262.7568302099971,307.74477991924095
SA,100,0.012067926406393288,724,279.4916146959446,277.8851402679598,256.3681637178073,299.69902655466797
SA,100,0.013257113655901088,795,271.1224488537814,272.50230181451906,249.31262459366107,294.97667561750984
SA,100,0.014563484775012436,874,264.82663321800726,263.73541927528026,242.5379990943875,283.20105598715344
SA,100,0.015998587196060583,960,258.69483369212765,257.2154536748169,236.82815607739175,278.9129142481827
SA,100,0.017575106248547922,1055,251.6249243518691,250.75204895598898,231.6691836654642,272.7415641710557
SA,100,0.019306977288832496,1158,245.04977119825847,243.9885852110346,222.11883360609136,268.02174200407984
SA,100,0.021209508879201904,1273,238.32575023895507,236.46896546904446,215.08648807314177,261.24630766477094
SA,100,0.023299518105153717,1398,233.0884659829336,233.33957556434962,210.7635023901077,257.17576994236566
SA,100,0.025595479226995357,1536,229.32774256073665,229.7533146823402,205.22454995647973,256.0977425516073
SA,100,0.028117686979742307,1687,224.89496718954624,223.6252161185193,203.2207415922868,251.0595448019372
SA,100,0.030888435964774818,1853,219.8309614691765,221.1371588706259,196.71979076435878,242.44351496196424
SA,100,0.03393221771895328,2036,215.18170095105415,216.325877788705,194.16221296270686,239.77091206329047
SA,100,0.0372759372031494,2237,211.7828365211205,212.68529686975722,188.9539526517773,233.0412941284683
SA,100,0.040949150623804234,2457,206.9052058312306,206.32345890300124,183.97167305661077,230.30051714655528
SA,100,0.04498432668969444,2699,202.4923724166347,202.50168515101416,179.07765456763923,224.54771401925225
SA,100,0.04941713361323833,2965,198.56767833422856,200.83231253480224,174.90179671509097,219.78506748868517
SA,100,0.054286754393238594,3257,194.3073674904297,197.43155783978705,170.98845213739432,215.35426167412217
SA,100,0.05963623316594643,3578,189.54238139584962,191.6778952076242,165.38573184403842,211.23178200392135
SA,100,0.0655128556859551,3931,184.0083138570193,187.86327315971442,163.46183726819135,205.43279431000053
SA,100,0.07196856730011521,4318,178.63677214215807,182.78572920366022,156.61945314640192,196.88000356143596
SA,100,0.07906043210907697,4744,172.69173293627625,174.51221543066623,151.64459969976144,190.78212548379543
SA,100,0.08685113737513525,5211,166.69339823414992,170.54456111170362,144.30934154105475,187.12880284880947
SA,100,0.09540954763499938,5725,160.9309550704892,164.33017454493822,137.64361341621094,180.0893152543594
SA,100,0.10481131341546858,6289,154.72735443218266,156.04309448885982,133.03726893474672,175.5642898470963
SA,100,0.1151395399326447,6908,147.66999818248084,146.93242606302948,127.36045402905064,170.021555146582
SA,100,0.12648552168552957,7589,140.8117679725032,141.9174557461265,121.03781681663082,160.91316503510515
SA,100,0.13894954943731375,8337,132.4961737000681,132.76660257416032,116.02325861023827,153.65691609335263
SA,100,0.15264179671752334,9159,125.36590286304764,125.78906334176105,107.19999410808818,145.64500387571658
SA,100,0.16768329368110074,10061,116.78942468186162,115.68957623214266,95.92238727693099,136.0309857684698
SA,100,0.18420699693267154,11052,107.39931854998778,105.18925167922885,89.7843154649803,125.15833101835011
SA,100,0.20235896477251566,12142,97.28059140692771,96.98582813791663,83.75569582205674,109.90137603040915
SA,100,0.22229964825261944,13338,88.39020565629815,88.08125051074433,72.95848572684878,102.18859753625699
SA,100,0.2442053094548651,14652,78.165626895037,77.73068898186068,63.122440872626825,92.37124458750475
SA,100,0.2682695795279725,16096,67.79166288176867,66.67807402082683,56.63107647890805,80.41588844112351
SA,100,0.29470517025518095,17682,58.44018980550303,57.331563459851935,46.529814739881246,68.60640412384106
SA,100,0.32374575428176433,19425,49.170904971144324,47.83158273736481,38.82779880781648,58.123054974922916
SA,100,0.35564803062231287,21339,41.24395643007712,39.070301303416215,32.761142175845926,50.11826377571636
SA,100,0.3906939937054615,23442,33.416139891335646,31.539272742313628,25.821197255711212,40.38936265174172
SA,100,0.42919342601287763,25752,26.322342946136228,25.388382235586974,20.66974720308826,31.926461483744745
SA,100,0.47148663634573923,28289,20.250140102975347,19.549984432925278,14.996367080341727,24.58769672879664
SA,100,0.517947467923121,31077,15.61115230410918,15.088134794439968,11.937296790681204,18.340986129574915
SA,100,0.5689866029018296,34139,11.764812588989464,11.26819115964318,8.996644917337768,13.986127192534862
SA,100,0.6250551925273969,37503,9.190615452992258,8.778587134160693,6.87388497470039,11.323922742223264
SA,100,0.6866488450042998,41199,7.295102536047534,7.336181574085092,5.63156145815107,9.265745912052083
SA,100,0.7543120063354615,45259,6.137630261675109,6.1189069434969845,4.580861354107933,7.56062340754355
SA,100,0.8286427728546842,49719,5.402253556257644,5.18224755071266,3.9851460109985117,6.769331046654604
SA,100,0.9102981779915218,54618,4.9459688114408955,4.8265736802392,3.3196327159899504,6.229184419563122
SA,100,1.0,60000,4.724585092141861,4.560475279690692,3.143693574752203,6.008949319667513
ACO+2opt,100,0.01,600,95.38698238396077,95.37795372068301,88.25998407786393,102.27262986238335
ACO+2opt,100,0.010985411419875584,659,94.51075214377607,95.05147044359296,88.06854630712309,100.49232068145491
ACO+2opt,100,0.012067926406393288,724,93.62517283563204,94.25929383266782,87.79814065791174,99.84968287512655
ACO+2opt,100,0.013257113655901088,795,91.93367317305432,91.84012474083525,86.75080872715513,96.68840310675459
ACO+2opt,100,0.014563484775012436,874,89.38543945542675,89.73484586079539,84.81273791805437,94.54052633866695
ACO+2opt,100,0.015998587196060583,960,86.25853251817158,86.50822550761715,81.19239834048179,91.17663564334671
ACO+2opt,100,0.017575106248547922,1055,82.79072743839725,82.79757408599764,77.5080430471462,89.25761905006058
ACO+2opt,100,0.019306977288832496,1158,78.95924779491708,79.05414791619938,73.11832929951885,84.94991664211177
ACO+2opt,100,0.021209508879201904,1273,76.17359476163921,76.22866033312975,70.9409088228862,81.62965142089237
ACO+2opt,100,0.023299518105153717,1398,73.93737447968003,73.4262144659363,69.58762184777729,79.09327152132374
ACO+2opt,100,0.025595479226995357,1536,70.82363186670086,70.94148616193296,66.12848137274146,75.8241747662643
ACO+2opt,100,0.028117686979742307,1687,66.99950394850984,67.13131508016068,62.81171595539192,71.42979220400389
ACO+2opt,100,0.030888435964774818,1853,63.0075670542765,62.90492817123994,58.736348791244026,67.42114909823883
ACO+2opt,100,0.03393221771895328,2036,60.307801658528575,59.79672339958135,56.59056335861439,64.49229404729432
ACO+2opt,100,0.0372759372031494,2237,56.7071896630309,56.972544782605645,53.507031000279646,60.981842066752954
ACO+2opt,100,0.040949150623804234,2457,52.100763950583286,52.596604953133394,49.02374326522383,55.7167289476298
ACO+2opt,100,0.04498432668969444,2699,47.968288520025496,48.4271627000212,45.00668893458983,51.393199324375956
ACO+2opt,100,0.04941713361323833,2965,43.8349935787651,44.02955564018018,39.84218492544048,48.273575794425966
ACO+2opt,100,0.054286754393238594,3257,39.956027710245614,39.95099504665832,36.81015297107031,43.31815075165879
ACO+2opt,100,0.05963623316594643,3578,36.421389072314426,36.924372575231885,33.45232557565838,39.80553568615075
ACO+2opt,100,0.0655128556859551,3931,31.77778113939672,32.06662655745504,29.072953422973917,35.07770136990258
ACO+2opt,100,0.07196856730011521,4318,28.47455954645221,28.855586548308192,25.470806485556587,31.22476455098627
ACO+2opt,100,0.07906043210907697,4744,25.99660623738632,26.173340558032653,23.884572262651012,28.56697193730156
ACO+2opt,100,0.08685113737513525,5211,22.811217084865795,23.23518829054667,20.537321232650445,25.38139447350773
ACO+2opt,100,0.09540954763499938,5725,20.409588449685554,20.682739684916974,18.303423156866724,22.846217480615373
ACO+2opt,100,0.10481131341546858,6289,18.457303785541693,18.83754289177335,16.309434065141446,20.721137512714932
ACO+2opt,100,0.1151395399326447,6908,16.64381557927852,17.02337956066071,14.735376116187183,18.67314160641769
ACO+2opt,100,0.12648552168552957,7589,14.933404038791723,14.912291886294604,13.3459579189178,16.70501193580494
ACO+2opt,100,0.13894954943731375,8337,13.667718619109971,13.868276346794909,12.216718115359853,15.367025163348295
ACO+2opt,100,0.15264179671752334,9159,12.573560588223781,12.721984811214286,11.025114027242193,14.22444101876853
ACO+2opt,100,0.16768329368110074,10061,11.683225739439669,11.970902359030891,10.191928098284087,13.182385329414842
ACO+2opt,100,0.18420699693267154,11052,10.870705397062721,11.094518136625396,9.650012618923933,12.335233828898623
ACO+2opt,100,0.20235896477251566,12142,9.761860465580588,10.16941965288676,8.271225518168313,11.369012387824078
ACO+2opt,100,0.22229964825261944,13338,9.035976750134342,8.912679492626738,7.630502306548112,10.786035897170413
ACO+2opt,100,0.2442053094548651,14652,8.479100838554519,8.326773430334672,7.0540236293192855,10.138183591007728
ACO+2opt,100,0.2682695795279725,16096,8.004563281427036,7.942596987595989,6.6994950977232195,9.237566591574202
ACO+2opt,100,0.29470517025518095,17682,7.523445183316083,7.471969591009168,6.402220388924407,8.832059290209859
ACO+2opt,100,0.32374575428176433,19425,7.174194852540911,7.231486410592775,5.998597160175333,8.329450655982217
ACO+2opt,100,0.35564803062231287,21339,6.850489533944401,6.861234561458904,5.635128218161256,7.94288760367499
ACO+2opt,100,0.3906939937054615,23442,6.4603710618544525,6.435920617311534,5.283557048999079,7.637007162899158
ACO+2opt,100,0.42919342601287763,25752,6.091679508713943,6.064670741096349,4.865141154236041,7.234196438505719
ACO+2opt,100,0.47148663634573923,28289,5.830503084583497,5.779260470638282,4.574848010140239,7.131394756602301
ACO+2opt,100,0.517947467923121,31077,5.548909020597864,5.550014792564769,4.102589875707856,6.901033082801973
ACO+2opt,100,0.5689866029018296,34139,5.209669888848047,5.204572202671847,3.977878076574434,6.436061517108779
ACO+2opt,100,0.6250551925273969,37503,5.009265506720199,4.8851793042998715,3.7145781514684337,6.168916110083812
ACO+2opt,100,0.6866488450042998,41199,4.709553729781495,4.368389407555519,3.5528181352270867,5.8005596617601425
ACO+2opt,100,0.7543120063354615,45259,4.4206264370522135,4.083684732542346,3.2428612642214016,5.63805951672408
ACO+2opt,100,0.8286427728546842,49719,4.1596511561333305,4.0090440566556484,3.114333231594994,5.2546612879262105
ACO+2opt,100,0.9102981779915218,54618,3.9098853754568714,3.8444131263311716,2.913340302943698,4.907638919143457
ACO+2opt,100,1.0,60000,3.765907397821831,3.5924210588729757,2.7194624323193093,4.743365923640567
GA,100,0.01,600,393.11982660455175,388.04124042723936,372.29120984367285,416.0088547110554
GA,100,0.010985411419875584,659,385.91778456365415,381.766127561728,366.2286802900471,406.90555588167825
GA,100,0.012067926406393288,724,379.4913651655786,374.9568454366906,360.2827331495988,402.5304924824863
GA,100,0.013257113655901088,795,371.5571404950179,367.91843385984987,351.4378996060918,395.77620011641613
GA,100,0.014563484775012436,874,363.9647042225277,362.0773761656226,343.24696759701976,386.2913072650629
GA,100,0.015998587196060583,960,355.43830790696046,351.8264264509098,335.5662259940254,376.8305379551475
GA,100,0.017575106248547922,1055,347.5229709584681,344.08435192334207,327.59221120739295,365.95410094384727
GA,100,0.019306977288832496,1158,337.7876643240913,335.425741414442,317.33968006955473,356.2855596541559
GA,100,0.021209508879201904,1273,329.12605515999456,328.4888951060811,309.71628340355267,347.51608405902795
GA,100,0.023299518105153717,1398,320.34174730142723,319.96369002382784,301.8607530111375,337.5159185506759
GA,100,0.025595479226995357,1536,310.5231811102658,308.4258223013865,292.59630156557853,328.4312496617032
GA,100,0.028117686979742307,1687,301.4430654697909,299.2214839119573,283.0023046291283,316.12055604778897
GA,100,0.030888435964774818,1853,290.77870088824506,288.00812010068057,274.302319933933,306.46147654226513
GA,100,0.03393221771895328,2036,281.1813890666133,278.70407077982134,264.0516314556145,295.74474942369807
GA,100,0.0372759372031494,2237,270.90577724522154,269.2365081422853,253.56096015596808,284.2202487626779
GA,100,0.040949150623804234,2457,261.96884699972543,258.7862106424666,246.0387501467726,276.256772015426
GA,100,0.04498432668969444,2699,252.39681741899588,253.34531709695182,238.33588642880954,267.0524026878728
GA,100,0.04941713361323833,2965,242.64070088498082,240.6797600136843,228.8012055509056,255.8619656659386
GA,100,0.054286754393238594,3257,233.30718342849147,231.36557773536117,219.73403448610355,247.81429252326325
GA,100,0.05963623316594643,3578,224.29242908281196,223.37980629365728,208.90082386555304,238.76713294854633
GA,100,0.0655128556859551,3931,214.84527494662638,214.08173901652953,201.80944006393742,227.53199197801507
GA,100,0.07196856730011521,4318,205.61345078119624,204.02818690803872,191.17128113211544,219.35788446679612
GA,100,0.07906043210907697,4744,196.53486916608003,196.0020391554972,183.66120261921728,208.43632787513783
GA,100,0.08685113737513525,5211,187.75546040654723,187.042134073456,175.97037929583084,199.0322661162923
GA,100,0.09540954763499938,5725,178.29193833301557,177.91743525929158,165.77061850767083,188.7484147823262
GA,100,0.10481131341546858,6289,168.494527988136,167.39121409303743,157.72637722320212,178.97957552810362
GA,100,0.1151395399326447,6908,158.79081084847957,157.57873907483102,148.87297344305972,168.29164290916844
GA,100,0.12648552168552957,7589,149.88897908189603,149.05497723773288,141.11955830122906,159.6696131762727
GA,100,0.13894954943731375,8337,140.56418357880764,139.61488393488918,130.46070191308266,150.12049649246092
GA,100,0.15264179671752334,9159,131.45966545620544,130.81573824281045,122.053045589743,141.78051027661652
GA,100,0.16768329368110074,10061,122.51793144560521,121.47341300599211,113.96828611703644,132.03737179756422
GA,100,0.18420699693267154,11052,113.52301206884967,111.93488127562546,105.26139110741627,123.44442894157312
GA,100,0.20235896477251566,12142,105.43822434134435,103.96300312380643,97.57260821413146,113.74644902264727
GA,100,0.22229964825261944,13338,96.55246779860225,95.13636915654983,89.23628973706441,104.11238828599689
GA,100,0.2442053094548651,14652,88.4461342169216,87.62097807981966,81.44743032130974,95.12535100866523
GA,100,0.2682695795279725,16096,80.37031610124974,79.60943296439422,73.06042231243579,86.3300335488811
GA,100,0.29470517025518095,17682,72.30056178082806,72.84717790278323,65.44644517806222,77.60955157378163
GA,100,0.32374575428176433,19425,64.99790449192578,65.60669555654121,59.07256036967123,70.20600970807045
GA,100,0.35564803062231287,21339,58.05539773220944,58.14101337954204,52.76183416070283,62.873712964383195
GA,100,0.3906939937054615,23442,51.96704654549852,51.748409733196254,47.03448464804277,56.10702850419953
GA,100,0.42919342601287763,25752,46.05714688258949,45.67461695879598,41.40614450384949,50.07232359846802
GA,100,0.47148663634573923,28289,40.68245033099507,40.32720121572318,37.087801563992144,44.109963769439034
GA,100,0.517947467923121,31077,35.83570139832888,35.96813771162949,31.86376414522614,39.24073000144085
GA,100,0.5689866029018296,34139,31.330489612492045,31.542441978106645,28.13279202025156,34.41665722856048
GA,100,0.6250551925273969,37503,27.329916258363536,27.51018489538043,24.435837860174978,30.280597696678775
GA,100,0.6866488450042998,41199,23.93945453606734,24.025496270124396,21.580569867280047,26.857917914898827
GA,100,0.7543120063354615,45259,20.962480404233403,21.072810330073033,18.59691453636944,23.745679664530314
GA,100,0.8286427728546842,49719,18.375711381604344,18.659818126570194,16.10125375464903,20.441789911224447
GA,100,0.9102981779915218,54618,16.319039312700177,16.560540144328826,14.373275680748499,18.55675368573741
GA,100,1.0,60000,14.780953286927513,14.913003420138104,12.659844136109744,16.876030012070057
ACO,50,0.01,300,29.216717458218845,29.30620762337963,25.64341109672587,32.56257953204416
ACO,50,0.010985411419875584,330,25.731665769396386,25.95591609263165,21.996846058302722,29.976264446523516
ACO,50,0.012067926406393288,362,23.247576224355758,23.033271041946968,20.00669022438179,26.36667539153751
ACO,50,0.013257113655901088,398,21.198700185749992,21.605273827846485,18.13520934929549,24.169716235250068
ACO,50,0.014563484775012436,437,18.838438042849667,18.524144724307746,15.346384210252776,22.09746792750989
ACO,50,0.015998587196060583,480,17.067596185866922,17.16796349741397,13.795577748088952,19.553357687038268
ACO,50,0.017575106248547922,527,15.149270378556482,14.774097387831867,12.639410665119406,17.859364125713356
ACO,50,0.019306977288832496,579,13.974125121413403,13.76887534004712,11.53592362510463,16.31258694731561
ACO,50,0.021209508879201904,636,12.888211516786429,12.79555233570954,10.398676809120815,15.21194168823963
ACO,50,0.023299518105153717,699,11.645251972754522,11.497270835008521,8.997255360941447,13.441930481785818
ACO,50,0.025595479226995357,768,10.483047973551264,10.513499449828013,7.901609743213945,12.804272429063145
ACO,50,0.028117686979742307,844,9.665341416040834,9.21846772152168,7.600313800072286,11.808984325127799
ACO,50,0.030888435964774818,927,8.806043835882583,8.71972870229537,6.3418643905835514,11.271047059366307
ACO,50,0.03393221771895328,1018,8.006419817014633,7.817686022900206,5.7414660822507075,10.493811239019118
ACO,50,0.0372759372031494,1118,7.390098516784466,7.223117782234258,4.928912705328861,10.003453266101836
ACO,50,0.040949150623804234,1228,6.763708911111854,6.326882087039017,4.069119400940922,8.976306159269068
ACO,50,0.04498432668969444,1350,6.33226721644655,5.980517547401443,3.6443854279712387,8.663118257068415
ACO,50,0.04941713361323833,1483,5.876298112260054,5.196324506311334,3.507633376753283,7.9391376237708675
ACO,50,0.054286754393238594,1629,5.47942151258409,4.99380537595239,3.292816776088717,7.7822055501711445
ACO,50,0.05963623316594643,1789,5.02018795780666,4.4529114533615815,2.9162718480528667,7.0339105657174095
ACO,50,0.0655128556859551,1965,4.638053475781064,4.165553204962072,2.493704862612364,6.4736874336195545
ACO,50,0.07196856730011521,2159,4.293402249547665,3.971520355114616,2.295483509779322,6.264410784934126
ACO,50,0.07906043210907697,2372,3.9429096527730327,3.4628766932483916,1.8837493473737619,5.787039743285985
ACO,50,0.08685113737513525,2606,3.635225006620967,3.0650945367867966,1.6910110574760717,5.481254689773337
ACO,50,0.09540954763499938,2862,3.309522459700607,2.66922756497892,1.5011849430401225,5.062021079134347
ACO,50,0.10481131341546858,3144,3.0253148093127207,2.4247408817995124,1.4343421331461312,4.593667559571931
ACO,50,0.1151395399326447,3454,2.7402302097190425,2.1259809102124168,1.384007387093747,3.9518102267406845
ACO,50,0.12648552168552957,3795,2.5722483765236257,2.032032901807084,1.2566867475261099,3.687539843385579
ACO,50,0.13894954943731375,4168,2.4438020175424624,1.9378597076806312,1.2314467569310124,3.6672198481535005
ACO,50,0.15264179671752334,4579,2.3164358916134073,1.690900897228612,1.1645430555195053,3.398242302824294
ACO,50,0.16768329368110074,5030,2.1707190091960586,1.6108884816248707,0.9606000113222724,2.921616268860086
ACO,50,0.18420699693267154,5526,2.023725192190334,1.5876000062060245,0.8059060083662295,2.702885139928003
ACO,50,0.20235896477251566,6071,1.938461481528412,1.553598673268878,0.7537798671821815,2.621097625231425
ACO,50,0.22229964825261944,6669,1.8365333631716043,1.5092614628026477,0.7415800003358765,2.534182239894757
ACO,50,0.2442053094548651,7326,1.7308746641623884,1.4808529959376044,0.3672303940979613,2.450693418560225
ACO,50,0.2682695795279725,8048,1.6289713699256583,1.400562547917883,0.2931857786025982,2.2369470737031665
ACO,50,0.29470517025518095,8841,1.5361478427560473,1.3784890001523722,0.20740099118057825,2.055957562769859
ACO,50,0.32374575428176433,9712,1.4650800073999435,1.3688560627538031,0.12675701651275695,2.0485367412613273
ACO,50,0.35564803062231287,10669,1.3701571912881272,1.3414893897431264,0.05209644684194421,1.9694132247337675
ACO,50,0.3906939937054615,11721,1.3133961037676163,1.2681068195265288,0.024432644827225878,1.9088198633813374
ACO,50,0.42919342601287763,12876,1.246648289126702,1.1537771325085178,0.024432644827225878,1.7995973610025093
ACO,50,0.47148663634573923,14145,1.1909308815752182,1.0460284246841232,0.02281706623346981,1.7457683885523712
ACO,50,0.517947467923121,15538,1.1639930458084546,1.0303475889568992,0.013916934205558415,1.647584110057905
ACO,50,0.5689866029018296,17070,1.1348534561853412,0.9866712440488203,0.01095022352958795,1.6246108826008125
ACO,50,0.6250551925273969,18752,1.1070351120935749,0.9411485922354723,0.01095022352958795,1.5376968250797807
ACO,50,0.6866488450042998,20599,1.0764183204698945,0.9204059158506074,0.01095022352958795,1.4703907677654022
ACO,50,0.7543120063354615,22629,1.0182013354671757,0.8811840021690746,0.010950223529571472,1.4113389784353645
ACO,50,0.8286427728546842,24859,0.978328114268362,0.8641833357004804,0.010950223529571472,1.3736725314531086
ACO,50,0.9102981779915218,27309,0.9282194048175205,0.7632289710479524,0.010950223529565978,1.3444876672152049
ACO,50,1.0,30000,0.8684786373911313,0.664428451089699,0.0109502235295495,1.3245362242868008
PSO,50,0.01,300,271.35529586932364,270.2936394408373,257.0301396739861,281.21685278649585
PSO,50,0.010985411419875584,330,270.18748747220394,268.91695395402553,256.24463613455293,280.1327081723028
PSO,50,0.012067926406393288,362,269.26053932739075,267.295245827673,255.58198130673188,278.88337677329633
PSO,50,0.013257113655901088,398,267.96669222103935,265.66350954071004,254.32967744933356,277.61281454869305
PSO,50,0.014563484775012436,437,266.72777050929716,264.4942203730907,254.2220284376115,276.4250378588019
PSO,50,0.015998587196060583,480,265.953674811715,263.82352852619965,253.54796943743455,274.3081686217601
PSO,50,0.017575106248547922,527,264.6392526571583,262.7274428800479,250.01047249774348,273.05256951890385
PSO,50,0.019306977288832496,579,263.3947838870445,261.40302138996014,249.6748606279071,272.52579533632206
PSO,50,0.021209508879201904,636,260.74741622385045,259.72944817314544,247.81896282307315,270.9376445074657
PSO,50,0.023299518105153717,699,258.92329296616487,258.7124288990712,244.39491250216201,270.5652960805968
PSO,50,0.025595479226995357,768,257.6943072278403,257.1037156980125,242.356302581242,269.43635244714966
PSO,50,0.028117686979742307,844,255.68760441696995,254.5303996418778,240.48222274705222,269.26389841093805
PSO,50,0.030888435964774818,927,253.0887457304405,251.59837036245995,238.5030183842707,266.3219259586354
PSO,50,0.03393221771895328,1018,251.3457742005234,249.4225158939248,236.92595531119997,265.1887974296981
PSO,50,0.0372759372031494,1118,249.13713457134145,246.72433019266174,233.12986195696482,264.9955983298683
PSO,50,0.040949150623804234,1228,246.90592487846482,244.36347157131152,231.1420911452668,264.0533004482551
PSO,50,0.04498432668969444,1350,244.03337063879022,240.9584385940039,229.1673406580831,260.56872535787386
PSO,50,0.04941713361323833,1483,241.88751083843343,239.08291622390823,227.8520007126916,259.2581669884331
PSO,50,0.054286754393238594,1629,238.95289384741238,236.5930883180303,222.65643613314475,253.0921074871789
PSO,50,0.05963623316594643,1789,235.0363418700418,234.11327475104534,217.22841446657458,251.71058116921222
PSO,50,0.0655128556859551,1965,231.34004751274958,231.33034840637185,212.3532510786988,248.13969942153324
PSO,50,0.07196856730011521,2159,225.16822831686358,227.82711091176617,203.34132084404456,243.4227747718905
PSO,50,0.07906043210907697,2372,220.90570319545913,224.15656321004596,200.33944336762784,237.66732160441836
PSO,50,0.08685113737513525,2606,215.6164896637087,217.59550905560735,197.85451548290146,232.3737659393259
PSO,50,0.09540954763499938,2862,210.10959764718106,212.20581516058954,189.85531639541728,229.83214702584462
PSO,50,0.10481131341546858,3144,204.7417852008202,202.87679285173118,184.19189318252097,226.3832810350675
PSO,50,0.1151395399326447,3454,198.73566662803958,198.78126963341037,175.72493522129992,221.5873663937799
PSO,50,0.12648552168552957,3795,191.8157403603537,191.3022511123815,168.19341244873212,214.2353783218395
PSO,50,0.13894954943731375,4168,185.6711233622896,185.8168033923102,160.88535336843347,208.65456094558232
PSO,50,0.15264179671752334,4579,178.69008362274784,181.86766717134566,155.65004445926206,200.18517723075678
PSO,50,0.16768329368110074,5030,171.64166436714873,170.1208036809723,148.785824860256,192.33009319040815
PSO,50,0.18420699693267154,5526,164.23610559816248,161.98221452459643,139.00533225436075,186.0693413098794
PSO,50,0.20235896477251566,6071,157.29321650744114,156.26862004684472,134.32504367895694,177.0842739771752
PSO,50,0.22229964825261944,6669,150.9434681868639,149.15737251632945,128.66792176392684,169.9835458689828
PSO,50,0.2442053094548651,7326,144.42721404265515,142.14347799997995,122.24106651464987,164.83874209609382
PSO,50,0.2682695795279725,8048,138.1999686752957,135.14206727925813,119.08518132400386,156.8996009281247
PSO,50,0.29470517025518095,8841,132.49080073184854,130.45842515475073,113.00156955342969,147.4121214273685
PSO,50,0.32374575428176433,9712,128.02448078916646,126.0620394040582,109.53151848008103,143.93415593557603
PSO,50,0.35564803062231287,10669,124.1172272698055,121.7580109322106,106.111383888179,139.62594573790034
PSO,50,0.3906939937054615,11721,120.70053629756012,117.48399390332798,102.86935625513117,134.38784390696551
PSO,50,0.42919342601287763,12876,117.59723097239967,114.9774636237706,100.30818289217103,131.24203545111337
PSO,50,0.47148663634573923,14145,115.04194069524443,113.40493289453192,98.9602971560474,128.61682526289175
PSO,50,0.517947467923121,15538,112.76322805941201,111.29936955405925,95.67826832420691,126.4142415630111
PSO,50,0.5689866029018296,17070,111.12417729602193,110.71750433078836,94.87413384346584,124.22987132192168
PSO,50,0.6250551925273969,18752,109.21435889177042,109.63459779371871,92.74307566782352,121.40658011788224
PSO,50,0.6866488450042998,20599,107.48806746038098,107.52931912807864,91.99825988940887,119.5930920040823
PSO,50,0.7543120063354615,22629,105.61262270467296,104.91720531578378,90.72821838837581,118.16461691535771
PSO,50,0.8286427728546842,24859,104.64964713741044,104.20413449008089,90.28615700178275,117.50038828334765
PSO,50,0.9102981779915218,27309,103.68087804872901,102.66445094025971,89.30346322773042,117.37346739346022
PSO,50,1.0,30000,102.70612884092853,101.72486961847135,88.27786769289182,116.26471690781013
HC,50,0.01,300,122.26229463702713,123.93327434622154,107.86168514264733,136.51305263784684
HC,50,0.010985411419875584,330,114.96237781191289,114.0004756869248,101.7691923519766,127.26166160482533
HC,50,0.012067926406393288,362,107.78703548808848,108.41967929714917,94.92002744524137,119.47353089003673
HC,50,0.013257113655901088,398,101.25528747776438,100.11811664858031,90.32609474381505,111.93348055443147
HC,50,0.014563484775012436,437,95.09494466647435,93.37820051416588,85.40056755563111,104.784859719302
HC,50,0.015998587196060583,480,88.804465129435,87.0174230559472,80.52835947413946,98.39512784116224
HC,50,0.017575106248547922,527,82.99900145209469,81.81198698703992,73.89318559950858,92.77480688721215
HC,50,0.019306977288832496,579,76.44159135543367,75.88333517519675,67.43897061468677,83.9364346385172
HC,50,0.021209508879201904,636,70.59841806546015,70.14564803192557,62.33894352402653,77.67055961974086
HC,50,0.023299518105153717,699,65.34734779480388,64.11973238422061,57.74038032952346,72.55059114013424
HC,50,0.025595479226995357,768,60.57968297427671,59.60318096766391,52.32438033107915,66.77928782019514
HC,50,0.028117686979742307,844,55.800032134752136,55.18872197092687,47.60566657984885,61.61005614555782
HC,50,0.030888435964774818,927,51.37009115093208,50.556465252140725,43.65701324032935,57.01837946591206
HC,50,0.03393221771895328,1018,47.057152951527655,46.82883146566036,39.93769486492765,53.39885718077575
HC,50,0.0372759372031494,1118,42.819709266934275,42.16183466235428,36.44809993396861,48.73346696322005
HC,50,0.040949150623804234,1228,39.82869146996306,38.97586711136519,33.2310520825775,45.25304979007808
HC,50,0.04498432668969444,1350,36.44128262632733,35.69539513537235,30.365139251319917,42.46546708801617
HC,50,0.04941713361323833,1483,33.263044136039035,33.012834172810535,26.705214507415416,39.6323144013668
HC,50,0.054286754393238594,1629,30.535239874417567,31.058968075979784,24.910557341776265,35.2062490374191
HC,50,0.05963623316594643,1789,27.606632710249567,27.62542672732151,21.967250084534793,32.21305756772823
HC,50,0.0655128556859551,1965,24.867957870811644,24.850896624632817,20.026454889391374,29.750014453502324
HC,50,0.07196856730011521,2159,22.49870086230634,22.627886310083934,18.292987599520036,27.361463915091186
HC,50,0.07906043210907697,2372,20.391912853669535,20.701959779468424,15.830988303963878,25.030470481321938
HC,50,0.08685113737513525,2606,18.786084153336013,18.68608798440836,15.000856525652388,23.22102625830716
HC,50,0.09540954763499938,2862,17.226096061595225,17.517071116698347,13.323466519737483,21.228397402404955
HC,50,0.10481131341546858,3144,15.484395413721556,15.445607977667802,11.966472674384494,18.66731899284661
HC,50,0.1151395399326447,3454,14.382890756230118,14.013210579711675,11.178865199523049,17.68789296540533
HC,50,0.12648552168552957,3795,13.362179068100271,12.933893050561327,9.590714923695387,16.59589773028915
HC,50,0.13894954943731375,4168,12.352118426281343,11.814714958086194,8.558557060808441,15.417873534770216
HC,50,0.15264179671752334,4579,11.727786314623609,11.09021195386757,7.9053900406409685,15.06513576847562
HC,50,0.16768329368110074,5030,11.208873710310485,10.58684624480088,7.507639452891421,14.741553421431757
HC,50,0.18420699693267154,5526,10.671615181950374,10.155358237407194,7.2005050765491205,13.866078600067866
HC,50,0.20235896477251566,6071,10.215970748863521,9.565962887912711,6.434166547277827,13.760457802591496
HC,50,0.22229964825261944,6669,9.887360960309925,9.215639221810594,5.964795547666195,13.343829019553198
HC,50,0.2442053094548651,7326,9.538155090273868,8.983325532790317,5.625324201862073,12.819209596092803
HC,50,0.2682695795279725,8048,9.261604854533976,8.854533860110955,5.379796774638361,12.297910293766815
HC,50,0.29470517025518095,8841,9.074244955070897,8.592238050465518,5.235748381302494,12.176542420190234
HC,50,0.32374575428176433,9712,8.846826236272818,8.358162075748051,5.027106802346207,11.83364075406337
HC,50,0.35564803062231287,10669,8.583628451190673,7.907617053659264,4.771807437281526,11.534069050742403
HC,50,0.3906939937054615,11721,8.219408281919993,7.741876718787071,4.771807437281526,10.880114863661598
HC,50,0.42919342601287763,12876,7.82542589610609,7.149474570722766,4.613335125981266,10.528260632462029
HC,50,0.47148663634573923,14145,7.314933046272972,6.896081120001622,4.516619365487438,9.630558623211371
HC,50,0.517947467923121,15538,6.907967269646124,6.355661960646754,4.271326687096036,9.178936235613758
HC,50,0.5689866029018296,17070,6.480700190350063,5.921688836628959,4.046882572195901,8.469696806454756
HC,50,0.6250551925273969,18752,6.079398734592147,5.281554747525863,3.8077338524638282,8.245710580633425
HC,50,0.6866488450042998,20599,5.787895985492359,5.160257305171708,3.698969680286839,7.607649102415175
HC,50,0.7543120063354615,22629,5.5233846634627755,4.97838759133178,3.467120589339423,7.002433760820069
HC,50,0.8286427728546842,24859,5.277858920812548,4.656234873679916,3.352961560118818,6.57364009679109
HC,50,0.9102981779915218,27309,5.01647030778039,4.580720906176994,3.1826356967084495,6.34432326140747
HC,50,1.0,30000,4.8030454333176555,4.414939392802983,3.0913966028551303,6.17918031670333
SA,50,0.01,300,184.19230582736807,184.98570406182802,166.74382967040347,200.91150207789659
SA,50,0.010985411419875584,330,177.0493998664393,174.0449880438302,159.73167699571326,194.84664932387435
SA,50,0.012067926406393288,362,169.86996967228887,170.64843684593197,153.75593919182893,186.98718687353647
SA,50,0.013257113655901088,398,163.85090650398112,164.05223745989846,146.98301171151437,180.27910403167186
SA,50,0.014563484775012436,437,158.7347630748852,157.0705974321241,140.77202210086395,173.19234066719528
SA,50,0.015998587196060583,480,152.67165304492457,152.493296427945,136.43721745082618,166.81394504162034
SA,50,0.017575106248547922,527,148.18575373495233,147.652575811194,132.5367415081997,161.23824959726178
SA,50,0.019306977288832496,579,144.40740614005972,142.9539882169051,128.92986085618503,160.04210365587358
SA,50,0.021209508879201904,636,140.32009138655692,140.51069294309562,122.92686688594416,156.94249327431567
SA,50,0.023299518105153717,699,135.95320320813533,136.05901426450401,119.93882639670677,151.690433012204
SA,50,0.025595479226995357,768,132.06652853501734,132.75417917604545,116.31964185946833,148.16435949132773
SA,50,0.028117686979742307,844,128.44536511033323,128.80486948834812,113.35506213371659,143.2687307288694
SA,50,0.030888435964774818,927,124.75657231237572,124.57836729530612,111.13862383096323,139.0542080154973
SA,50,0.03393221771895328,1018,121.09916322060297,119.33304511984986,105.28512764238722,138.62136614320605
SA,50,0.0372759372031494,1118,117.44083479012164,114.40933998092447,101.7411291742805,134.4271717911451
SA,50,0.040949150623804234,1228,114.30758469243919,112.47403500876402,98.47433085766954,129.23232518305628
SA,50,0.04498432668969444,1350,110.82468025308236,110.71235504181061,92.95672350261651,125.5199971873527
SA,50,0.04941713361323833,1483,107.73675671860421,107.61234729973066,90.39742369316953,120.82664526304768
SA,50,0.054286754393238594,1629,104.33752800455208,103.48181335148999,88.12501364929692,118.9544155143947
SA,50,0.05963623316594643,1789,100.85437737106318,100.05928332111608,85.58078773412946,114.91267669740215
SA,50,0.0655128556859551,1965,98.15381706681401,98.25601734248765,81.27345449497,112.31321024828489
SA,50,0.07196856730011521,2159,95.8621258332621,95.08704326661038,79.71537623283068,108.53242225657948
SA,50,0.07906043210907697,2372,92.22868212337772,92.16342990872843,77.17206331186992,105.6058522088268
SA,50,0.08685113737513525,2606,88.32437109251329,88.52081926151712,73.6940332465455,101.25938992258125
SA,50,0.09540954763499938,2862,84.76459878669576,85.08286137517592,70.27568261174683,99.69186805756198
SA,50,0.10481131341546858,3144,81.61017400453801,82.60208429042706,66.8613367247662,94.47399237198967
SA,50,0.1151395399326447,3454,77.60389646864341,77.65213491960985,62.496563333947186,90.92387759942373
SA,50,0.12648552168552957,3795,73.57993659353924,74.87227804760937,58.7638526398729,87.04861576415334
SA,50,0.13894954943731375,4168,68.63054504736132,67.32348603122216,55.41261086909428,83.3326369269979
SA,50,0.15264179671752334,4579,64.46264790905954,62.36369570259323,50.919925042158596,77.39539606269881
SA,50,0.16768329368110074,5030,60.11955922471117,58.72011357388334,47.41002779430717,72.49964427964363
SA,50,0.18420699693267154,5526,54.237070223487784,54.73607685770355,42.019169630756814,66.3236123318573
SA,50,0.20235896477251566,6071,47.640300723371666,46.48778689003786,35.74056478136231,55.61096628917572
SA,50,0.22229964825261944,6669,42.37892367650789,40.2436908374242,32.315297572626804,51.19223120055044
SA,50,0.2442053094548651,7326,36.87664628081373,34.74455756522804,27.839346071836133,45.535204977524636
SA,50,0.2682695795279725,8048,31.808325011931558,30.158922426311477,23.156450503891968,38.39346475449564
SA,50,0.29470517025518095,8841,25.57160867554999,25.442608861162185,18.872953474629483,30.834797038625876
SA,50,0.32374575428176433,9712,21.272189147829504,20.424501290406937,16.50859224768981,25.88388828625363
SA,50,0.35564803062231287,10669,16.485200012135817,16.472220986792,11.46257345847329,21.148666208595884
SA,50,0.3906939937054615,11721,12.598277997649443,11.805471409007854,8.253387476796492,16.894479677735667
SA,50,0.42919342601287763,12876,9.865306650942903,9.803029664739338,6.33014730264099,12.553143152680363
SA,50,0.47148663634573923,14145,7.52943503875869,7.485090018547206,4.502124349611385,9.479333544305902
SA,50,0.517947467923121,15538,5.756035091615808,5.160888308165163,3.5377801255609587,7.663163715334374
SA,50,0.5689866029018296,17070,4.498379396321353,3.978370332256098,2.748184358115454,6.0171186307072375
SA,50,0.6250551925273969,18752,3.724938295002464,3.054156963416513,2.113666372146595,4.679910249492404
SA,50,0.6866488450042998,20599,3.2160994236444926,2.7730468588306505,1.5412101539979897,4.340797186105215
SA,50,0.7543120063354615,22629,3.0470412102124325,2.612221544376748,1.3949396089250747,4.0286783512672235
SA,50,0.8286427728546842,24859,2.9471927343599367,2.495295594661366,1.3557354142669742,3.9821603990790804
SA,50,0.9102981779915218,27309,2.9239323750364665,2.495295594661366,1.3557354142669742,3.9621346028851887
SA,50,1.0,30000,2.9078147107323815,2.495295594661366,1.3444876672147705,3.957059427340921
ACO+2opt,50,0.01,300,55.43300415877558,54.94220978343648,49.59754264335603,61.19395014303595
ACO+2opt,50,0.010985411419875584,330,54.77167135849518,54.7414461730974,48.99958749406195,60.85665941758123
ACO+2opt,50,0.012067926406393288,362,53.4469335389833,53.66312160136265,48.52526986504894,58.878289646261734
ACO+2opt,50,0.013257113655901088,398,52.31855034520547,52.438785842564,47.95780977380233,57.80779324417499
ACO+2opt,50,0.014563484775012436,437,50.73827136393728,50.990234820595234,45.901082819641516,55.65936062132315
ACO+2opt,50,0.015998587196060583,480,48.841831866195555,49.75911924135981,43.505329190080445,54.00072835940883
ACO+2opt,50,0.017575106248547922,527,46.9427743109272,47.516284179846906,41.97125352904339,51.73578262456911
ACO+2opt,50,0.019306977288832496,579,44.91752673099783,44.99292245195139,38.70107020677691,50.23166509929502
ACO+2opt,50,0.021209508879201904,636,43.05580616709454,43.35689344997315,38.08707978366827,47.668696233504214
ACO+2opt,50,0.023299518105153717,699,41.230399154547435,41.66047854447709,36.54892323842709,45.695558301573044
ACO+2opt,50,0.025595479226995357,768,39.052316786980334,39.94120065408127,34.594810510902086,43.30583855526379
ACO+2opt,50,0.028117686979742307,844,37.02719927391156,37.15459110074413,31.89016324476385,41.40872623525137
ACO+2opt,50,0.030888435964774818,927,34.42234343627648,34.336283219222096,30.574296962864278,39.05646319704865
ACO+2opt,50,0.03393221771895328,1018,32.18334595030011,31.847552123246786,28.441426437172943,36.12822311115424
ACO+2opt,50,0.0372759372031494,1118,29.634411616219342,29.63546169338779,26.19358828573187,33.17747095089861
ACO+2opt,50,0.040949150623804234,1228,27.387844161311072,27.237704558929735,23.239941696029536,31.56449540293358
ACO+2opt,50,0.04498432668969444,1350,25.52519948813886,25.435679464116006,21.837586610935663,29.65145397209045
ACO+2opt,50,0.04941713361323833,1483,23.607368074300904,23.487089017441388,19.740800657758474,27.22832882104832
ACO+2opt,50,0.054286754393238594,1629,21.48175900460136,21.82476600021591,18.10156166456219,24.573850338747246
ACO+2opt,50,0.05963623316594643,1789,19.513786404415526,19.629483230235763,16.41817248157313,22.673295717255726
ACO+2opt,50,0.0655128556859551,1965,17.881316140494206,17.73423356440958,15.353380708089489,20.346951872030658
ACO+2opt,50,0.07196856730011521,2159,15.666431764809564,15.579170037625365,13.179629910361086,18.024035613235583
ACO+2opt,50,0.07906043210907697,2372,13.964079222560928,13.960347584186238,11.471603223148584,16.440983390955292
ACO+2opt,50,0.08685113737513525,2606,12.707252557257815,12.49855751332743,10.139651499312263,15.22112469015481
ACO+2opt,50,0.09540954763499938,2862,11.29820932216212,10.994042249886089,8.77154396580021,13.79028628743255
ACO+2opt,50,0.10481131341546858,3144,10.26306518736075,10.080427422506741,8.213462515711035,11.974890000708314
ACO+2opt,50,0.1151395399326447,3454,9.026044581062084,8.803812569175438,7.113067389094954,10.814250457800265
ACO+2opt,50,0.12648552168552957,3795,8.254225685542169,8.23437382487002,6.470305454241474,10.23995493592255
ACO+2opt,50,0.13894954943731375,4168,7.336713017697619,7.272684051985614,5.619287779354383,9.043122068259631
ACO+2opt,50,0.15264179671752334,4579,6.642686830175059,6.357971302388355,4.834944505545428,8.445737305755799
ACO+2opt,50,0.16768329368110074,5030,5.991287677350848,5.761248808477924,4.517026322640913,7.5816786774604985
ACO+2opt,50,0.18420699693267154,5526,5.481023317877668,5.5206551581116035,3.8557238782907746,7.070058246091405
ACO+2opt,50,0.20235896477251566,6071,5.010347217257546,5.025995241908799,3.440434587134657,6.47168135303395
ACO+2opt,50,0.22229964825261944,6669,4.443821326837653,4.441418423273918,2.681635897354864,6.07039096473552
ACO+2opt,50,0.2442053094548651,7326,4.073062075462462,3.786294438721379,2.583480517473763,5.487818181523741
ACO+2opt,50,0.2682695795279725,8048,3.6260325488354956,3.4386394727065763,2.1793150879261254,5.016717531245567
ACO+2opt,50,0.29470517025518095,8841,3.3165661247063545,3.0292760501064717,1.9904999132805248,4.6970408548014655
ACO+2opt,50,0.32374575428176433,9712,3.1126055894331617,2.683153339614173,1.7236282615529772,4.423719395208844
ACO+2opt,50,0.35564803062231287,10669,2.8428497023940222,2.4538260410962227,1.4898072007428351,4.244223852332537
ACO+2opt,50,0.3906939937054615,11721,2.5642045458178124,2.1488208600476697,1.3784890001523564,3.938071223859674
ACO+2opt,50,0.42919342601287763,12876,2.365614045175553,1.9789799723623427,1.2547466174864152,3.614036590164334
ACO+2opt,50,0.47148663634573923,14145,2.189861302331525,1.7130086571556613,1.102340718868304,3.439896263101092
ACO+2opt,50,0.517947467923121,15538,2.0063103498964954,1.574834822312327,0.8471826692318916,2.851590207727243
ACO+2opt,50,0.5689866029018296,17070,1.8294715484505553,1.5279412642322652,0.7954296999590063,2.6679953755438133
ACO+2opt,50,0.6250551925273969,18752,1.6712110139883478,1.3444876672152049,0.6809996589285665,2.4556045686170553
ACO+2opt,50,0.6866488450042998,20599,1.538250536053178,1.3444876672152049,0.465297604168475,2.2603184204464326
ACO+2opt,50,0.7543120063354615,22629,1.416688489777287,1.3414893897431157,0.24267269945866593,2.216296095053147
ACO+2opt,50,0.8286427728546842,24859,1.317753626537714,1.2302500819247575,0.029279380608499002,2.078301676732838
ACO+2opt,50,0.9102981779915218,27309,1.2261378937864613,1.126747931174362,2.1971319782150276e-14,2.0354836876757503
ACO+2opt,50,1.0,30000,1.1274652299185235,1.0290479183316068,2.1971319782150276e-14,1.6321281542976955
GA,50,0.01,300,240.901545930472,238.07136517062702,229.2941178719411,251.67677949555392
GA,50,0.010985411419875584,330,236.29704764544596,234.9175941171592,224.05912842245982,247.39440003705107
GA,50,0.012067926406393288,362,231.6979754626587,230.30343009565604,219.89382757484185,242.32586552938608
GA,50,0.013257113655901088,398,227.1857418923242,225.56716449456528,215.00250510204694,239.77331282180165
GA,50,0.014563484775012436,437,223.18217449167065,221.008153753787,211.59361318059786,233.02247544032025
GA,50,0.015998587196060583,480,217.9711794149799,216.7350922321127,207.1949696443476,229.24539655513823
GA,50,0.017575106248547922,527,211.97238389654567,211.22300112474625,200.28298137973377,221.2733778149228
GA,50,0.019306977288832496,579,206.5227081141484,206.13306129120173,195.26675565212827,217.29391711708777
GA,50,0.021209508879201904,636,199.94704220091938,197.66976373141273,187.62523067177642,212.0066269464694
GA,50,0.023299518105153717,699,193.90183732105825,192.56468169469116,182.20348075850302,206.64380896379652
GA,50,0.025595479226995357,768,188.54706406714638,187.4246711884998,176.14350748414023,200.6019492558413
GA,50,0.028117686979742307,844,181.93432812093593,180.7124605752058,169.661431715358,193.34530272759895
GA,50,0.030888435964774818,927,175.97727289887086,173.90880959934648,164.3963232160002,188.4172729358903
GA,50,0.03393221771895328,1018,169.12310286846454,168.64787326834687,157.13152488342425,179.97126479537442
GA,50,0.0372759372031494,1118,163.2043134445554,161.6196497423309,153.21828345468424,173.57476623283432
GA,50,0.040949150623804234,1228,156.4643431385777,155.50417543049917,146.07478013989308,168.20394880957093
GA,50,0.04498432668969444,1350,149.75407980808814,148.85083059994662,139.4109814191135,160.79229271396014
GA,50,0.04941713361323833,1483,142.23867269106307,142.31273820652683,133.58812475560413,150.9346095286469
GA,50,0.054286754393238594,1629,135.6168181095779,135.6138201822958,125.6565954550116,144.61652154248554
GA,50,0.05963623316594643,1789,129.7880124347495,129.16498941486014,120.55990757526942,139.364636154067
GA,50,0.0655128556859551,1965,122.4776595822146,120.84866593148698,113.59001022240362,130.63808307837797
GA,50,0.07196856730011521,2159,115.73429498291381,113.69952571756579,106.37076384635779,126.23540890994403
GA,50,0.07906043210907697,2372,109.39314649720579,107.39570457560063,100.43239433162492,117.3334721940924
GA,50,0.08685113737513525,2606,103.08856981694974,101.9413023162223,94.11562839589463,112.41507095595263
GA,50,0.09540954763499938,2862,97.08676942472938,96.5747146419161,88.5332528731409,105.57947088528556
GA,50,0.10481131341546858,3144,90.99878098183993,91.27121425756889,82.8605623529455,100.05529123511566
GA,50,0.1151395399326447,3454,85.5178345973932,84.53263114427294,77.35834746168808,92.76675949355493
GA,50,0.12648552168552957,3795,79.15154604555167,77.98265903004332,71.03805093234888,87.83619779389456
GA,50,0.13894954943731375,4168,73.5217928060578,72.91773932331864,66.6983565547244,80.16947326570153
GA,50,0.15264179671752334,4579,67.65272697866513,67.04334947446576,61.325033470238466,74.21394114492803
GA,50,0.16768329368110074,5030,61.610644690075276,61.73953156079922,54.651928718953826,67.7362521839082
GA,50,0.18420699693267154,5526,55.957959681451015,55.60913059073914,49.66934799725313,61.33730344231025
GA,50,0.20235896477251566,6071,50.108652897049545,49.50743799800385,43.46171514956823,56.275706130984204
GA,50,0.22229964825261944,6669,44.91273989628895,44.28514969809075,38.58139532757348,51.4659643720002
GA,50,0.2442053094548651,7326,39.581672481939414,39.49887759833625,33.951963837597816,45.16511797595477
GA,50,0.2682695795279725,8048,34.90330870640591,34.87569930455439,29.62045664658156,39.44558960660835
GA,50,0.29470517025518095,8841,30.411630368193435,30.243773250767603,25.728763868968827,35.16498692793083
GA,50,0.32374575428176433,9712,26.296719903385178,25.814366021997166,21.579009157147503,30.46909897092891
GA,50,0.35564803062231287,10669,22.963712918395196,22.577686903317638,18.225689180803904,27.311417943792684
GA,50,0.3906939937054615,11721,19.936460229067187,19.81338118445791,15.85266697694255,23.538325125995733
GA,50,0.42919342601287763,12876,17.14446070185992,16.805799689127333,12.791099905950293,21.038951975858783
GA,50,0.47148663634573923,14145,14.805253868993283,14.8077345725909,10.671867149621615,18.514823299853088
GA,50,0.517947467923121,15538,12.892703792518516,12.669093756552531,9.022422689105616,15.513160764459526
GA,50,0.5689866029018296,17070,11.230978465590857,10.669614858153537,8.089776319302153,14.079351444605653
GA,50,0.6250551925273969,18752,10.098295615251766,9.735197843065961,6.8210865690985845,12.86535735333112
GA,50,0.6866488450042998,20599,9.111492430490959,8.822787758897576,6.062959144645368,11.377898217697583
GA,50,0.7543120063354615,22629,8.34617849545416,8.243904923041805,5.566329664346059,10.748462526872
GA,50,0.8286427728546842,24859,7.7929682639034095,7.149870054241695,4.876412588896018,10.403833845680545
GA,50,0.9102981779915218,27309,7.402810313706771,6.836309626548125,4.319001265426593,9.677140498445159
GA,50,1.0,30000,7.174551762821736,6.6115110801107235,4.136500682061939,9.446871313454494
ACO,20,0.01,100,10.443344598074637,9.81358700177712,6.74855733745599,14.098500019493747
ACO,20,0.010985411419875584,110,8.731658962633297,7.7140717414943705,5.175011838663192,12.325701842133796
ACO,20,0.012067926406393288,121,7.740908927411424,6.933368902343634,4.231737268317241,10.813141649020626
ACO,20,0.013257113655901088,133,6.558048840664707,5.771928319901409,3.3699478933366316,8.912539724204604
ACO,20,0.014563484775012436,146,5.567283143892374,5.2067974670611985,2.8464655312875635,7.691066280192281
ACO,20,0.015998587196060583,160,4.8376974544154,4.151837431078524,2.2673267566179782,7.142999177029873
ACO,20,0.017575106248547922,176,3.9359147428730314,3.150511479827136,1.2760548716979458,5.765494270159337
ACO,20,0.019306977288832496,193,3.2196233831745675,2.4730881088862815,0.3767603357792655,5.136235732542468
ACO,20,0.021209508879201904,212,2.5270041154062515,1.922284453661967,0.27862874531029647,3.823753982203022
ACO,20,0.023299518105153717,233,1.9675401530883045,1.3281945654343956,0.03411124400314612,2.953535616984955
ACO,20,0.025595479226995357,256,1.438481281829175,0.48066614035930677,3.2363159090095665e-14,2.6440785474109516
ACO,20,0.028117686979742307,281,1.1719625746750695,0.3335788041372867,2.6423825849933442e-14,2.3487139485938946
ACO,20,0.030888435964774818,309,1.0087584760309423,0.12445815563895384,1.7888748404721788e-14,2.1109440078840818
ACO,20,0.03393221771895328,339,0.7645540435717045,4.6241695237383523e-14,1.7888748404721788e-14,1.3859378386055572
ACO,20,0.0372759372031494,373,0.6872151452421389,2.99389658618275e-14,1.496948293091375e-14,0.9010491748786826
ACO,20,0.040949150623804234,409,0.532730213580861,2.6648493421436647e-14,1.496948293091375e-14,0.3767603357792767
ACO,20,0.04498432668969444,450,0.5093256694733276,2.6648493421436647e-14,1.496948293091375e-14,0.3767603357792767
ACO,20,0.04941713361323833,494,0.4527073338230422,2.6648493421436647e-14,1.496948293091375e-14,0.12445815563896725
ACO,20,0.054286754393238594,543,0.3848605171586261,2.6423825849933442e-14,1.3330369402574779e-14,0.08495157460635058
ACO,20,0.05963623316594643,596,0.3530091325752083,2.6423825849933442e-14,1.3330369402574779e-14,4.95446734686252e-14
ACO,20,0.0655128556859551,655,0.3062855325826454,2.6423825849933442e-14,1.3330369402574779e-14,3.963573877490016e-14
ACO,20,0.07196856730011521,720,0.26759010642545994,2.6423825849933442e-14,1.3330369402574779e-14,3.963573877490016e-14
ACO,20,0.07906043210907697,791,0.17856350148205546,2.6423825849933442e-14,1.3325777383682437e-14,2.99389658618275e-14
ACO,20,0.08685113737513525,869,0.17856350148205546,2.6423825849933442e-14,1.3325777383682437e-14,2.99389658618275e-14
ACO,20,0.09540954763499938,954,0.17106152136612102,1.7888748404721788e-14,1.3325777383682437e-14,2.99389658618275e-14
ACO,20,0.10481131341546858,1048,0.16562087069763876,1.7888748404721788e-14,1.3325777383682437e-14,2.99389658618275e-14
ACO,20,0.1151395399326447,1151,0.15184860106143194,1.7888748404721788e-14,1.3324246710718323e-14,2.99389658618275e-14
ACO,20,0.12648552168552957,1265,0.14197565329662012,1.7888748404721788e-14,1.3324246710718323e-14,2.99389658618275e-14
ACO,20,0.13894954943731375,1389,0.13210270553180845,1.7888748404721788e-14,1.3324246710718323e-14,2.911940909765801e-14
ACO,20,0.15264179671752334,1526,0.10222062181690415,1.7888748404721788e-14,1.3324246710718323e-14,2.6660738805149557e-14
ACO,20,0.16768329368110074,1677,0.09846963175893704,1.7888748404721788e-14,1.3324246710718323e-14,2.665767745922133e-14
ACO,20,0.18420699693267154,1842,0.094982018907854,1.7888748404721788e-14,1.3324246710718323e-14,2.6648493421436647e-14
ACO,20,0.20235896477251566,2024,0.08510907114304248,1.7888748404721788e-14,1.3324246710718323e-14,2.6648493421436647e-14
ACO,20,0.22229964825261944,2223,0.08510907114304248,1.7888748404721788e-14,1.3324246710718323e-14,2.6648493421436647e-14
ACO,20,0.2442053094548651,2442,0.047913608161433745,1.7888748404721788e-14,1.3324246710718323e-14,2.6648493421436647e-14
ACO,20,0.2682695795279725,2683,0.04734726433072489,1.7888748404721788e-14,1.3324246710718323e-14,2.6648493421436647e-14
ACO,20,0.29470517025518095,2947,0.04734726433072489,1.7888748404721788e-14,1.3324246710718323e-14,2.6648493421436647e-14
ACO,20,0.32374575428176433,3237,0.028749532839920475,1.7888748404721788e-14,1.3324246710718323e-14,2.6648493421436647e-14
ACO,20,0.35564803062231287,3556,0.028749532839920475,1.7888748404721788e-14,1.3324246710718323e-14,2.6648493421436647e-14
ACO,20,0.3906939937054615,3907,0.028749532839920475,1.7888748404721788e-14,1.3324246710718323e-14,2.6648493421436647e-14
ACO,20,0.42919342601287763,4292,0.028749532839920475,1.7888748404721788e-14,1.3324246710718323e-14,2.6648493421436647e-14
ACO,20,0.47148663634573923,4715,0.01944292890581762,1.7888748404721788e-14,1.3324246710718323e-14,2.6648493421436647e-14
ACO,20,0.517947467923121,5179,0.01917485553222071,1.7888748404721788e-14,1.3324246710718323e-14,2.6648493421436647e-14
ACO,20,0.5689866029018296,5690,0.01917485553222071,1.7888748404721788e-14,1.3324246710718323e-14,2.6648493421436647e-14
ACO,20,0.6250551925273969,6251,0.01013632497171486,1.7888748404721788e-14,1.3324246710718323e-14,2.6648493421436647e-14
ACO,20,0.6866488450042998,6866,0.009306603934121953,1.7888748404721788e-14,1.3324246710718323e-14,2.6648493421436647e-14
ACO,20,0.7543120063354615,7543,0.009306603934121953,1.7888748404721788e-14,1.3324246710718323e-14,2.6648493421436647e-14
ACO,20,0.8286427728546842,8286,0.009306603934121953,1.7888748404721788e-14,1.3324246710718323e-14,2.6648493421436647e-14
ACO,20,0.9102981779915218,9103,0.009306603934121953,1.7888748404721788e-14,1.3324246710718323e-14,2.6648493421436647e-14
ACO,20,1.0,10000,0.009306603934121953,1.7888748404721788e-14,1.3324246710718323e-14,2.6648493421436647e-14
PSO,20,0.01,100,106.40400695637727,107.68812458975773,97.11740395365972,116.03322375353746
PSO,20,0.010985411419875584,110,105.01012657266983,105.61150963573417,95.17069813787926,114.83360052653113
PSO,20,0.012067926406393288,121,103.59298611292002,103.47026393490145,93.38750527448224,113.69396467581203
PSO,20,0.013257113655901088,133,102.38708048633224,102.81292041011697,92.70141471003464,111.40460492652035
PSO,20,0.014563484775012436,146,100.66231658221432,100.54601565622494,91.52400007535694,109.52352331971137
PSO,20,0.015998587196060583,160,99.46620943645853,99.7415021536197,90.57408364263887,108.85773611317887
PSO,20,0.017575106248547922,176,98.2555957599337,97.80526778891755,89.93530121074915,108.63899299665366
PSO,20,0.019306977288832496,193,96.73891242648,96.65251354117709,88.7410350234568,106.49529389056664
PSO,20,0.021209508879201904,212,94.70293010370641,94.32972856318727,85.96747695435224,104.68436998123424
PSO,20,0.023299518105153717,233,93.18426510265267,93.28217585074563,85.03578931357382,103.67974799761325
PSO,20,0.025595479226995357,256,91.74210641776968,92.37748013546697,82.42420198984506,101.88239832477024
PSO,20,0.028117686979742307,281,89.36799137621021,90.93533667340094,77.62120357975832,99.66032194882041
PSO,20,0.030888435964774818,309,87.23545773036946,89.88612957766628,76.1231617823147,96.94168583123226
PSO,20,0.03393221771895328,339,85.4772181054242,86.92583290165715,75.88021609273012,95.16365378083219
PSO,20,0.0372759372031494,373,83.38338432794954,84.86522402672706,73.38592796867025,93.04632307772819
PSO,20,0.040949150623804234,409,81.36708974137731,82.48100921752138,70.90447265467373,92.45028030999151
PSO,20,0.04498432668969444,450,79.15159318992578,81.59080759564429,68.82910051787093,91.23494573879323
PSO,20,0.04941713361323833,494,76.7991356560429,76.37467799528504,67.71177834298868,89.1502737556725
PSO,20,0.054286754393238594,543,74.28290971207522,73.15927944360016,63.86184537819783,86.26349222101236
PSO,20,0.05963623316594643,596,72.5472436423388,71.95865219002215,61.740981894410275,85.41010962161238
PSO,20,0.0655128556859551,655,69.70615723410783,68.88400154458665,57.91880070536206,83.00683970809489
PSO,20,0.07196856730011521,720,67.46242374646211,67.27110588520591,56.72237306317561,80.60576297849033
PSO,20,0.07906043210907697,791,65.0093276955246,65.58078130745143,53.663711732554745,76.58320787337412
PSO,20,0.08685113737513525,869,61.760297408557925,61.24101986411709,50.40083392365838,72.90784465046633
PSO,20,0.09540954763499938,954,59.806031747888895,59.11207062187701,46.66971747561879,71.92854566073125
PSO,20,0.10481131341546858,1048,57.462087119268716,57.66983359054383,43.89709651120485,69.50326998695623
PSO,20,0.1151395399326447,1151,55.27102946252481,54.98203104899099,41.37218699529801,68.52147282560125
PSO,20,0.12648552168552957,1265,52.54031902023176,51.98752366177342,39.30136954562592,64.74456900215024
PSO,20,0.13894954943731375,1389,49.26987054438251,49.028560858436634,36.528516320715084,61.32990745310235
PSO,20,0.15264179671752334,1526,46.37839788004139,45.69348168559118,32.67683449975662,58.152073213399646
PSO,20,0.16768329368110074,1677,43.40905159385565,39.96153024815504,29.85092285727386,58.076956684263784
PSO,20,0.18420699693267154,1842,41.1667922014772,37.44122665299618,27.60368197814653,54.25191055103827
PSO,20,0.20235896477251566,2024,38.87700114222234,36.09672276149405,27.342116170108493,50.71882640722918
PSO,20,0.22229964825261944,2223,36.77083430972869,33.2596922583663,25.55785059183701,46.9024900048401
PSO,20,0.2442053094548651,2442,35.148056595498026,32.020841414375624,23.689275078672956,46.51489487150009
PSO,20,0.2682695795279725,2683,33.54474580341592,30.175149205753385,22.892788558436457,43.68289738391989
PSO,20,0.29470517025518095,2947,32.04821763274842,28.70679460072916,20.90829533072208,42.68079316439643
PSO,20,0.32374575428176433,3237,30.674610930295362,28.29117118497701,20.161584746091457,41.395257957592236
PSO,20,0.35564803062231287,3556,29.621078057257098,26.77869472947949,17.969955579728367,40.392686024289446
PSO,20,0.3906939937054615,3907,28.533483248300392,26.43251860611847,17.928767405570948,37.90567196805121
PSO,20,0.42919342601287763,4292,27.903446724508722,25.405313619564183,17.86665470465018,37.08652704775065
PSO,20,0.47148663634573923,4715,27.216988124498744,25.09295100045088,17.409693916000595,36.139296923098016
PSO,20,0.517947467923121,5179,26.60753049265274,24.65431548752675,17.409693916000595,34.85604948982913
PSO,20,0.5689866029018296,5690,26.070765932083585,24.270071194356102,16.651010787210325,34.77906384860318
PSO,20,0.6250551925273969,6251,25.387756500853587,23.896630199391602,16.29967171375879,33.78864268629617
PSO,20,0.6866488450042998,6866,24.991815839230924,23.46909245685054,15.413005112277151,33.741478743751735
PSO,20,0.7543120063354615,7543,24.659545876295727,23.46909245685054,14.708754370227096,33.34489700841413
PSO,20,0.8286427728546842,8286,24.321115703640437,23.427706404161203,13.864632229416276,33.13784309317888
PSO,20,0.9102981779915218,9103,23.957377869447285,23.293223295339704,13.864632229416276,31.635602639564873
PSO,20,1.0,10000,23.674971977202567,23.0961038945769,13.640888440492255,30.942101516011817
HC,20,0.01,100,52.08321002429071,51.826497201577126,40.86856081419471,63.429340735325724
HC,20,0.010985411419875584,110,48.26636066199982,48.83541682070445,36.96183844851309,57.810888651385056
HC,20,0.012067926406393288,121,44.561669619108194,45.22083467899547,34.030506673472544,52.947011963935616
HC,20,0.013257113655901088,133,41.45347538891105,41.7780421249714,32.49204834160261,49.39421514577307
HC,20,0.014563484775012436,146,38.059801894143035,37.91358946154572,31.145688995618162,45.04958673533614
HC,20,0.015998587196060583,160,35.42905987250529,35.51431382404806,27.276973951653947,42.90081972061907
HC,20,0.017575106248547922,176,32.727799239401755,33.26643423384804,23.730007419385846,39.7504823338802
HC,20,0.019306977288832496,193,29.484165848551832,29.689280394075123,20.10848976852339,36.335434628771665
HC,20,0.021209508879201904,212,26.605389677178696,26.448739367410404,18.2725977118416,33.64993827251415
HC,20,0.023299518105153717,233,23.86287443939584,22.56933125622338,16.349517524686384,29.515938856373765
HC,20,0.025595479226995357,256,21.237490867401622,19.640215969404068,14.91939538943231,26.856054223951705
HC,20,0.028117686979742307,281,18.950112991634832,18.010054599118902,12.967874116808837,23.574797431081237
HC,20,0.030888435964774818,309,16.785001047692845,15.373880584769541,11.031954875670523,21.39000993996048
HC,20,0.03393221771895328,339,15.141345539156402,14.638400456885755,9.346630544253117,19.51694154576069
HC,20,0.0372759372031494,373,13.160395179857302,12.34016060309989,7.295261954489124,16.994799857235158
HC,20,0.040949150623804234,409,11.964877292910396,10.994958705313197,6.773787789038142,15.337967409683742
HC,20,0.04498432668969444,450,10.561392313777096,10.447231333205213,5.634761687484934,13.734342351660802
HC,20,0.04941713361323833,494,9.266661344346149,8.543200853653481,4.921807465716739,12.925852753585314
HC,20,0.054286754393238594,543,8.333170213564085,7.742818644446738,3.8770578569261347,11.794676153996983
HC,20,0.05963623316594643,596,7.266189971508693,5.972597915251473,3.085851392676447,10.511131430299363
HC,20,0.0655128556859551,655,6.5552138312747505,5.655021620687581,2.9045500481724127,9.465341640181972
HC,20,0.07196856730011521,720,5.95742560664427,5.336380688544542,2.8043599693803634,9.006822915448542
HC,20,0.07906043210907697,791,5.4832173877670725,4.855618886036093,2.3357312836860054,8.015232646297376
HC,20,0.08685113737513525,869,5.188431375598236,4.475527352069562,2.281049603962728,6.775505180271063
HC,20,0.09540954763499938,954,4.936061253018176,4.425662271124484,2.1842017803561062,6.394863093934644
HC,20,0.10481131341546858,1048,4.699334053614695,4.405540870143526,1.783732307057378,6.391221570715644
HC,20,0.1151395399326447,1151,4.3785683337815335,3.947278639244611,1.6406037933589328,6.154629676942765
HC,20,0.12648552168552957,1265,4.063871737470174,3.3645359521592555,1.6262106526506013,5.707976307913673
HC,20,0.13894954943731375,1389,3.808530302831946,3.259186176407051,1.3557795840759448,5.523462058741418
HC,20,0.15264179671752334,1526,3.4475959781413184,2.8593992256623384,0.9166017275665745,5.3363806885445815
HC,20,0.16768329368110074,1677,3.214264383605148,2.4206295065017844,0.3767603357793141,5.160906915908349
HC,20,0.18420699693267154,1842,2.989716687123965,2.3357312836860222,0.3767603357792805,4.792311643895625
HC,20,0.20235896477251566,2024,2.8041482264120083,2.304126538323985,0.3767603357792767,4.348731321999336
HC,20,0.22229964825261944,2223,2.4638929149440294,1.662855176623505,8.190783255872086e-14,4.017460110893546
HC,20,0.2442053094548651,2442,2.33372928800639,1.6406037933589177,7.595343037837664e-14,3.541252325689052
HC,20,0.2682695795279725,2683,2.2031442529468026,1.6406037933588955,6.87007389232976e-14,3.3081483472604782
HC,20,0.29470517025518095,2947,2.028958414161424,1.6262106526505813,6.66518470128739e-14,3.2140838747292726
HC,20,0.32374575428176433,3237,1.9272396168274266,1.3557795840759048,5.3321477610299115e-14,2.954661664839046
HC,20,0.35564803062231287,3556,1.7966108589525243,1.2181141094493304,4.6893249519522655e-14,2.8720913980490717
HC,20,0.3906939937054615,3907,1.7244037185774004,1.2181141094493215,4.4908448792741246e-14,2.8484607066597523
HC,20,0.42919342601287763,4292,1.5579532614303877,1.2181141094492234,4.1220443353978564e-14,2.789659723620632
HC,20,0.47148663634573923,4715,1.4360038502823753,0.3767603357792767,3.6830899659013764e-14,2.420629506501788
HC,20,0.517947467923121,5179,1.2828502846099168,0.017055622001599484,3.1398598598731515e-14,2.272521792962018
HC,20,0.5689866029018296,5690,1.2323401152585278,1.0664295522059823e-13,2.99389658618275e-14,2.272521792961978
HC,20,0.6250551925273969,6251,1.138475054869675,9.775610049260813e-14,2.99389658618275e-14,2.2725217929619586
HC,20,0.6866488450042998,6866,1.0908811558323086,7.998221641544867e-14,2.748029556931904e-14,2.2725217929619252
HC,20,0.7543120063354615,7543,1.01413612411257,7.320120413672794e-14,2.6479992742809243e-14,2.25044178981046
HC,20,0.8286427728546842,8286,0.9128426897252323,6.635570581885374e-14,1.7888748404721788e-14,1.6406037933590152
HC,20,0.9102981779915218,9103,0.7754103769341847,5.366624521416537e-14,1.374014778465952e-14,1.3557795840759381
HC,20,1.0,10000,0.7207711557083184,5.366624521416537e-14,1.374014778465952e-14,1.2181141094492636
SA,20,0.01,100,141.06378069264406,144.47017626507233,123.52628185133017,157.8788375502216
SA,20,0.010985411419875584,110,133.9150134622287,134.43673269818277,118.96721402041958,149.70732257940554
SA,20,0.012067926406393288,121,117.88218885814295,117.56928689317516,104.92335390893207,130.82741966609927
SA,20,0.013257113655901088,133,106.22997130055994,106.81311710078101,91.5930591962881,122.14781900938743
SA,20,0.014563484775012436,146,94.66730443149869,93.45593453715784,77.48615256371943,108.72439966382092
SA,20,0.015998587196060583,160,85.27349604942215,84.52834181332622,70.67856009689282,96.7815869641186
SA,20,0.017575106248547922,176,76.14788915804412,76.14142831505164,63.91863022437798,89.62998562663633
SA,20,0.019306977288832496,193,69.37073129765366,69.05156985212317,58.40178655501167,79.42833213727809
SA,20,0.021209508879201904,212,63.73012991898407,64.2137874545264,54.50829627907466,73.47285707356768
SA,20,0.023299518105153717,233,59.25008191511754,59.466921509398006,49.9013252959726,68.02019293349484
SA,20,0.025595479226995357,256,54.50262918120482,54.48705622493544,44.30706709790397,64.0896137345079
SA,20,0.028117686979742307,281,50.662428981238115,50.9109828870064,39.55781171845276,60.78677874584716
SA,20,0.030888435964774818,309,46.93567491082125,47.05841901955817,37.63242304201418,55.676976157984825
SA,20,0.03393221771895328,339,44.33290163022719,43.38750776020535,34.178556169202594,54.07749278435298
SA,20,0.0372759372031494,373,41.0219778984843,40.53172165269551,29.985946989236098,51.00370054861824
SA,20,0.040949150623804234,409,38.916415685712884,39.38985794244434,28.177183351742872,49.30248096210704
SA,20,0.04498432668969444,450,35.64527571596469,35.07545090892322,24.305655089423023,45.144889501235525
SA,20,0.04941713361323833,494,33.882650512076886,32.62928150766445,23.908043230946866,42.89992415850616
SA,20,0.054286754393238594,543,32.286942918445895,31.828334842760626,23.79723262752052,41.00961838397574
SA,20,0.05963623316594643,596,29.976451572622416,29.947399969890014,21.21522902527768,36.35431240416348
SA,20,0.0655128556859551,655,28.280253589219708,28.315422156919446,19.326742494186348,35.1885048016709
SA,20,0.07196856730011521,720,26.674873233474063,26.327929251767898,18.715844294489976,32.98823613210515
SA,20,0.07906043210907697,791,25.320736667443917,25.361550738979282,16.77853095226526,31.827470289107538
SA,20,0.08685113737513525,869,23.839819184624954,22.660490187905957,15.877302813053976,30.45660089720381
SA,20,0.09540954763499938,954,22.135388419495467,21.058058477285943,13.975187681711073,29.979756344467667
SA,20,0.10481131341546858,1048,20.25638288227865,20.396177141365357,11.971198875680141,27.637796787308083
SA,20,0.1151395399326447,1151,18.81747786061222,18.81264435692686,11.261740446531183,26.477274846440473
SA,20,0.12648552168552957,1265,17.55138869903228,16.517363533337026,10.797720675784742,24.831029074352205
SA,20,0.13894954943731375,1389,15.834193726762368,13.966292086559262,9.429218452425449,21.324648060278903
SA,20,0.15264179671752334,1526,13.910825727661171,11.92249846333165,7.050190531431851,20.466366227154396
SA,20,0.16768329368110074,1677,12.764397510049617,11.143160540030559,6.003208977349534,17.904638485882817
SA,20,0.18420699693267154,1842,11.283287456788225,10.059089239101972,4.400792520112633,15.72925162910127
SA,20,0.20235896477251566,2024,9.661631327973394,7.8932006858749535,3.9506855400575356,13.94646906220661
SA,20,0.22229964825261944,2223,7.817217087063054,6.579351842194327,3.068035711639569,10.599837740431195
SA,20,0.2442053094548651,2442,6.547833514138644,5.379238140535904,2.297039764994224,8.652318077087287
SA,20,0.2682695795279725,2683,5.29626092640332,4.067699292758676,1.7666294554336064,7.60243043924898
SA,20,0.29470517025518095,2947,3.842192659699449,2.917195121194118,0.5630926840502748,5.8227370014353745
SA,20,0.32374575428176433,3237,3.141426674345356,2.224126870564899,0.3767603357792355,4.684423229607794
SA,20,0.35564803062231287,3556,2.1994290974029647,1.6517294849913609,0.15083348255965887,3.4275659849163915
SA,20,0.3906939937054615,3907,1.7140761550570334,0.4381903530562431,1.4642198895825983e-13,2.8484607066596324
SA,20,0.42919342601287763,4292,1.4149837904118217,0.36558897737017326,6.66518470128739e-14,2.420629506501905
SA,20,0.47148663634573923,4715,1.1659281826685428,0.08495157460635391,2.999333115579325e-14,1.8313639637016723
SA,20,0.517947467923121,5179,0.995488749690262,2.8093517355583116e-13,2.648305408873747e-14,1.2181141094495855
SA,20,0.5689866029018296,5690,0.9547936283029628,2.5869841033532356e-13,2.648305408873747e-14,1.2181141094495362
SA,20,0.6250551925273969,6251,0.9436821345929763,2.3888054094787347e-13,2.648305408873747e-14,1.2181141094495362
SA,20,0.6866488450042998,6866,0.9421923438508009,2.2958500455257725e-13,1.7888748404721788e-14,1.2181141094495362
SA,20,0.7543120063354615,7543,0.9421923438508009,2.2958500455257725e-13,1.7888748404721788e-14,1.2181141094495362
SA,20,0.8286427728546842,8286,0.9421923438508009,2.2958500455257725e-13,1.7888748404721788e-14,1.2181141094495362
SA,20,0.9102981779915218,9103,0.9421923438508009,2.2958500455257725e-13,1.7888748404721788e-14,1.2181141094495362
SA,20,1.0,10000,0.9421923438508009,2.2958500455257725e-13,1.7888748404721788e-14,1.2181141094495362
ACO+2opt,20,0.01,100,20.32517916760401,20.341517238502746,15.277367467477923,24.00060417201034
ACO+2opt,20,0.010985411419875584,110,19.33517531686489,19.746623922278186,14.444067350946412,23.288380828814997
ACO+2opt,20,0.012067926406393288,121,18.786019202243843,18.954157385615396,14.326680003770175,23.010806750249778
ACO+2opt,20,0.013257113655901088,133,17.803852551934476,18.257277199011284,12.618672380000028,21.668659361116553
ACO+2opt,20,0.014563484775012436,146,16.895381354330603,17.294752080427973,12.302564244861559,20.694766005584576
ACO+2opt,20,0.015998587196060583,160,16.128784069080325,16.46214107418956,11.238538996572824,20.39166149729826
ACO+2opt,20,0.017575106248547922,176,15.305641712924219,15.615391344559157,10.269000532994397,19.413398978036405
ACO+2opt,20,0.019306977288832496,193,14.583044512151815,14.919844051916572,9.961467497357408,18.840370184426327
ACO+2opt,20,0.021209508879201904,212,13.567742361142736,13.715964101650398,9.870643335676945,17.643496573585185
ACO+2opt,20,0.023299518105153717,233,12.351006666292294,11.867184111452499,8.452473095387955,16.21382649849741
ACO+2opt,20,0.025595479226995357,256,10.985347641667067,11.037820288063717,7.605986953351175,14.833489032263657
ACO+2opt,20,0.028117686979742307,281,10.1967195037835,10.25367907084511,6.04542504695158,13.81802479660415
ACO+2opt,20,0.030888435964774818,309,9.202533795510606,9.435195472045685,5.344908499545222,12.689225292757802
ACO+2opt,20,0.03393221771895328,339,8.40507112013103,8.504406303607023,4.72547426046338,11.671023562025065
ACO+2opt,20,0.0372759372031494,373,7.358521481189208,7.452281049730137,3.4532770717478405,10.40297376897918
ACO+2opt,20,0.040949150623804234,409,6.676207577982689,6.202226571655032,3.3174065497118956,9.907281247304182
ACO+2opt,20,0.04498432668969444,450,5.88175868284065,5.370491932547562,2.896350521007573,8.693028242431987
ACO+2opt,20,0.04941713361323833,494,5.108964011924443,4.64825728148841,2.3848814189779954,8.214360086555839
ACO+2opt,20,0.054286754393238594,543,4.4260587696551426,3.915948148403264,1.722949053006232,7.091131541495847
ACO+2opt,20,0.05963623316594643,596,4.0435364352109495,3.3525353217197873,1.5597468338518532,6.303707474712369
ACO+2opt,20,0.0655128556859551,655,3.2597026325486507,3.051383701287913,0.6020352551765142,4.961322118762683
ACO+2opt,20,0.07196856730011521,720,2.8670661453557735,2.420629506501711,0.2786287453102998,4.5748368490230895
ACO+2opt,20,0.07906043210907697,791,2.2822095287244495,1.797818560550174,3.963573877490016e-14,3.5843122447795523
ACO+2opt,20,0.08685113737513525,869,1.8221401194815257,1.626210652650568,2.99389658618275e-14,2.9546616648391226
ACO+2opt,20,0.09540954763499938,954,1.6370079558066313,1.2181141094492949,2.6651554767364875e-14,2.8337604608999314
ACO+2opt,20,0.10481131341546858,1048,1.4825148573268094,0.531978145140438,1.7888748404721788e-14,2.7739673732970904
ACO+2opt,20,0.1151395399326447,1151,1.2054149455872352,0.12445815563897172,1.7888748404721788e-14,2.3056646658316264
ACO+2opt,20,0.12648552168552957,1265,1.0597394161759428,3.963573877490016e-14,1.496948293091375e-14,2.1145422930611906
ACO+2opt,20,0.13894954943731375,1389,0.8699526374709782,2.99389658618275e-14,1.496948293091375e-14,1.626210652650578
ACO+2opt,20,0.15264179671752334,1526,0.7415132894617585,2.6660738805149557e-14,1.496948293091375e-14,1.5898935306683715
ACO+2opt,20,0.16768329368110074,1677,0.6301235847235561,2.6423825849933442e-14,1.496948293091375e-14,1.3476445021155625
ACO+2opt,20,0.18420699693267154,1842,0.436654201469822,1.7888748404721788e-14,1.3330369402574779e-14,3.963573877490016e-14
ACO+2opt,20,0.20235896477251566,2024,0.3668758054580922,1.7888748404721788e-14,1.3330369402574779e-14,3.963573877490016e-14
ACO+2opt,20,0.22229964825261944,2223,0.3048553652184608,1.7888748404721788e-14,1.3330369402574779e-14,3.431786407253956e-14
ACO+2opt,20,0.2442053094548651,2442,0.27671033586483407,1.7888748404721788e-14,1.3330369402574779e-14,2.99389658618275e-14
ACO+2opt,20,0.2682695795279725,2683,0.2477981307329455,1.7888748404721788e-14,1.3330369402574779e-14,2.99389658618275e-14
ACO+2opt,20,0.29470517025518095,2947,0.22197038152289247,1.7888748404721788e-14,1.3330369402574779e-14,2.99389658618275e-14
ACO+2opt,20,0.32374575428176433,3237,0.1840196458304979,1.7888748404721788e-14,1.3330369402574779e-14,2.6660738805149557e-14
ACO+2opt,20,0.35564803062231287,3556,0.13784839288535303,1.7888748404721788e-14,1.3330369402574779e-14,2.6660738805149557e-14
ACO+2opt,20,0.3906939937054615,3907,0.10075820616153905,1.7888748404721788e-14,1.3330369402574779e-14,2.6648493421436647e-14
ACO+2opt,20,0.42919342601287763,4292,0.08405433228748546,1.7888748404721788e-14,1.3325777383682437e-14,2.6648493421436647e-14
ACO+2opt,20,0.47148663634573923,4715,0.040280540192830616,1.496948293091375e-14,1.3324246710718323e-14,2.6648493421436647e-14
ACO+2opt,20,0.517947467923121,5179,0.040280540192830616,1.496948293091375e-14,1.3324246710718323e-14,2.6648493421436647e-14
ACO+2opt,20,0.5689866029018296,5690,0.03782033874537077,1.496948293091375e-14,1.3324246710718323e-14,2.6648493421436647e-14
ACO+2opt,20,0.6250551925273969,6251,0.03782033874537077,1.496948293091375e-14,1.3324246710718323e-14,2.6648493421436647e-14
ACO+2opt,20,0.6866488450042998,6866,0.0216828087020262,1.496948293091375e-14,1.3324246710718323e-14,2.6648493421436647e-14
ACO+2opt,20,0.7543120063354615,7543,0.0216828087020262,1.496948293091375e-14,1.3324246710718323e-14,2.6648493421436647e-14
ACO+2opt,20,0.8286427728546842,8286,0.0216828087020262,1.496948293091375e-14,1.3324246710718323e-14,2.6648493421436647e-14
ACO+2opt,20,0.9102981779915218,9103,0.0216828087020262,1.496948293091375e-14,1.3324246710718323e-14,2.6648493421436647e-14
ACO+2opt,20,1.0,10000,0.010841404351022328,1.496948293091375e-14,1.3324246710718323e-14,2.6648493421436647e-14
GA,20,0.01,100,102.42913480908791,101.52937186981417,93.32088651745443,112.63634866314662
GA,20,0.010985411419875584,110,100.731932131691,100.39087220566701,91.99108463334936,110.16425398729996
GA,20,0.012067926406393288,121,98.45141885935608,97.59131411062435,89.25579626064145,107.79737315424346
GA,20,0.013257113655901088,133,95.58503965315198,95.44164378866438,87.34438839668354,103.5155136197956
GA,20,0.014563484775012436,146,94.16217785444542,92.89235335059936,85.65418174617876,101.31224402508553
GA,20,0.015998587196060583,160,91.18107458193049,90.50333049170902,83.8861312786936,98.92068902306144
GA,20,0.017575106248547922,176,89.00447358058783,88.3176461163384,80.88826753775037,96.90339585580908
GA,20,0.019306977288832496,193,87.52701680472929,86.70128532568555,79.9101697904924,95.20711042983771
GA,20,0.021209508879201904,212,83.38698127557225,83.4465376162536,77.04928385499905,91.55159004718496
GA,20,0.023299518105153717,233,81.68087285837035,81.66247856432689,74.94920778768923,88.7830655005357
GA,20,0.025595479226995357,256,78.27017843511885,78.04295333908772,71.3638827416333,85.4435603910589
GA,20,0.028117686979742307,281,75.09431196325387,75.31268686459603,69.81935470966273,81.46164305208782
GA,20,0.030888435964774818,309,71.97082582033053,72.87801822604507,64.88157940198464,78.7453609194567
GA,20,0.03393221771895328,339,69.47431708609096,69.70806757690443,62.908493404009306,77.16445951505521
GA,20,0.0372759372031494,373,66.23814105636941,65.79758399830192,60.02640814484636,74.37949118137801
GA,20,0.040949150623804234,409,62.19694414724892,62.50794820217061,54.91868650072738,69.40121112047846
GA,20,0.04498432668969444,450,58.19350619733814,58.12428518744558,51.04789231530491,64.82502492476681
GA,20,0.04941713361323833,494,55.02053491657002,56.01581635834623,47.916703104925084,62.05794685034618
GA,20,0.054286754393238594,543,52.27141340033485,52.43262268139985,46.33801776177744,58.3465127995658
GA,20,0.05963623316594643,596,49.1789728401617,50.13164095628345,42.34061426122916,55.99273789503728
GA,20,0.0655128556859551,655,45.77343299330262,45.87753096889731,39.40277462726185,52.25831090867382
GA,20,0.07196856730011521,720,42.825267899114756,42.805980378797045,36.45845869231463,48.37839338501339
GA,20,0.07906043210907697,791,39.42391047034088,39.75036418329226,33.73140160182735,45.95691287968791
GA,20,0.08685113737513525,869,36.43364415496789,36.341053794288854,31.02071427671355,42.410156881584385
GA,20,0.09540954763499938,954,33.50296055448171,31.974948913070655,27.59859013406455,40.15238595732134
GA,20,0.10481131341546858,1048,29.999041464810105,29.33229431312047,24.241555125517934,36.12051666137046
GA,20,0.1151395399326447,1151,26.844245093006414,27.15687039918057,20.673328385011704,31.669584205168462
GA,20,0.12648552168552957,1265,24.193661191651195,23.696114444132288,18.386385503729784,29.0588528128917
GA,20,0.13894954943731375,1389,20.919449150894387,20.650416666250898,16.02238416140736,25.474045880390186
GA,20,0.15264179671752334,1526,17.734350200835234,18.110915285288236,12.841123685476457,22.570077679812467
GA,20,0.16768329368110074,1677,15.662470790787756,16.009492800308067,10.442588412289211,20.13955240254521
GA,20,0.18420699693267154,1842,13.36366929611219,12.833659660253636,8.799728159088284,17.676450855102445
GA,20,0.20235896477251566,2024,11.289629029631717,10.980726330294946,7.383072368668272,15.381860691602215
GA,20,0.22229964825261944,2223,9.338627210009996,9.229931789624828,6.107582434121445,12.586666586728827
GA,20,0.2442053094548651,2442,8.216931120594346,8.181906040188826,4.386305900092475,11.10036529618688
GA,20,0.2682695795279725,2683,6.735932896785301,6.161157965775477,3.190064463542197,9.99925085704741
GA,20,0.29470517025518095,2947,5.63801645181435,5.17306969821286,2.44852810474921,8.549453750979442
GA,20,0.32374575428176433,3237,4.903998008708413,4.317842109385952,2.2725217929619155,7.318442637110218
GA,20,0.35564803062231287,3556,4.242112096811382,3.7136207412187456,1.356680616786368,6.90303593636482
GA,20,0.3906939937054615,3907,3.6216861501181765,3.1097639376052575,1.2181141094492725,5.806858432087493
GA,20,0.42919342601287763,4292,3.254357324707874,2.5887860149924986,0.5326671648602062,5.4062220600450175
GA,20,0.47148663634573923,4715,2.980336236575128,2.2725217929619284,0.3767603357792767,4.574836849023093
GA,20,0.517947467923121,5179,2.9132621967513637,2.272521792961922,0.09419008394485286,4.574836849023093
GA,20,0.5689866029018296,5690,2.813308043847762,1.9235284784897915,3.963573877490016e-14,4.536621946038147
GA,20,0.6250551925273969,6251,2.693943070716738,1.6517294849912187,2.9904488797587206e-14,4.413433802490536
GA,20,0.6866488450042998,6866,2.6693568895316324,1.6406037933589628,2.6660738805149557e-14,4.413433802490536
GA,20,0.7543120063354615,7543,2.6211042293017672,1.6406037933589552,2.6660738805149557e-14,4.34596754646845
GA,20,0.8286427728546842,8286,2.604968606916424,1.6406037933589552,2.6660738805149557e-14,4.34596754646845
GA,20,0.9102981779915218,9103,2.57251035571898,1.6406037933589477,2.6660738805149557e-14,4.34596754646845
GA,20,1.0,10000,2.5062488549289035,1.6334072230047711,2.6660738805149557e-14,4.115646390303464
