n,hibrido,contra,error_mediana_hibrido,error_mediana_contra,gana_hibrido_%,p_Holm
20,ACO+2opt,ACO,1.333036940257478e-14,1.4969482930913752e-14,34.66666666666667,0.3068798894631901
20,ACO+2opt,HC,1.333036940257478e-14,2.666073880514956e-14,53.333333333333336,4.43185125826083e-09
20,ACO+2opt,SA,1.333036940257478e-14,2.666073880514956e-14,57.333333333333336,1.6479286262875541e-12
50,ACO+2opt,ACO,1.0290479183316068,0.664428451089699,37.333333333333336,0.005521723559812779
50,ACO+2opt,HC,1.0290479183316068,4.414939392803019,92.0,2.5036968809480584e-23
50,ACO+2opt,SA,1.0290479183316068,2.4952955946611532,74.0,2.764016456692196e-13
100,ACO+2opt,ACO,3.59242105887299,2.6632870266957225,20.666666666666668,5.696369757662551e-13
100,ACO+2opt,HC,3.59242105887299,8.970783548253443,96.0,1.6990220391647048e-25
100,ACO+2opt,SA,3.59242105887299,4.560475279691831,65.33333333333333,0.0001309238873728169
