n,instancia,semilla_publica,ciudad,x,y
20,0,101,0,59.49954564730935,27.724156631799524
20,0,101,1,21.771359201461372,14.734344619554484
20,0,101,2,65.71307898043895,82.64193415715471
20,0,101,3,95.38295737637836,30.375229793215063
20,0,101,4,37.549350087710366,87.93172947015677
20,0,101,5,3.0331360133470486,84.87800488078365
20,0,101,6,99.43035616154907,82.60828679571588
20,0,101,7,73.7374375174561,47.907315071620815
20,0,101,8,90.5778906762464,68.50107019113592
20,0,101,9,46.586493992392576,9.313027450058907
20,0,101,10,86.57169466341232,1.9629877734322898
20,0,101,11,58.543662457225345,67.04977841096006
20,0,101,12,43.290299346184156,54.58260588980013
20,0,101,13,37.00507991506608,76.16219085698225
20,0,101,14,58.18773867447074,48.679381263923105
20,0,101,15,8.147643240462942,29.33817032738739
20,0,101,16,73.68848342708175,39.18742583001753
20,0,101,17,18.716586174516692,27.61090903541915
20,0,101,18,11.822673876758117,87.96535325329845
20,0,101,19,89.9613710824503,37.53420665695785
20,1,102,0,18.964223010964243,79.87554044214086
20,1,102,1,65.1062507811109,58.21669625777454
20,1,102,2,15.587221439145548,51.265316607793125
20,1,102,3,34.84607082723126,88.06404104881351
20,1,102,4,32.58291811714209,97.08807627160242
20,1,102,5,83.90534275392827,77.82754392419847
20,1,102,6,94.3808787236238,6.836264492205579
20,1,102,7,84.22247309331978,2.2441822778929477
20,1,102,8,40.68687899187814,74.18835664444869
20,1,102,9,20.763954398789252,13.848727487424073
20,1,102,10,3.7099016105508476,70.19778443503544
20,1,102,11,95.60851144651782,37.006362196208684
20,1,102,12,50.1898282427797,44.74505815353359
20,1,102,13,92.67122232123208,42.63955882817425
20,1,102,14,44.527548350512625,82.67733696331132
20,1,102,15,28.284668461452345,29.116359938611946
20,1,102,16,37.21975776585739,54.998849095975785
20,1,102,17,90.58581066255128,4.878943581108097
20,1,102,18,8.675080373126598,59.42065018965774
20,1,102,19,55.88340550998441,66.3624622118542
20,2,103,0,19.369554337267214,2.415270248943413
20,2,103,1,4.009445984313398,0.9890680777945637
20,2,103,2,92.80029726817183,84.68583660872365
20,2,103,3,31.17398249357889,0.83531044952323
20,2,103,4,20.948336081627815,60.28100888612057
20,2,103,5,90.4864374293258,1.9736431508624364
20,2,103,6,45.88815033132704,2.713739495807399
20,2,103,7,34.176018584804915,72.37270374552797
20,2,103,8,17.533866991313772,62.613998026880424
20,2,103,9,5.862726054792899,27.48302325370532
20,2,103,10,23.57415637759508,54.03932287404945
20,2,103,11,30.964256334890518,9.772390608862992
20,2,103,12,3.7726719625269522,64.98863459371962
20,2,103,13,40.58821361677556,86.030336961074
20,2,103,14,57.967572119523446,43.468916837398865
20,2,103,15,6.826850441408617,81.85040340024212
20,2,103,16,12.945864529938545,87.22818832444034
20,2,103,17,94.12629736782976,34.27477227017253
20,2,103,18,13.591130855515566,89.50612702263602
20,2,103,19,53.62749608611108,94.84063623815419
20,3,104,0,62.370048297607596,13.349710575269357
20,3,104,1,77.95425325595407,72.46519457836487
20,3,104,2,36.58763233677288,27.094964705681313
20,3,104,3,83.04016755318246,59.93757906094245
20,3,104,4,23.166216301174003,2.418043491351596
20,3,104,5,40.24027266365566,36.21719891530738
20,3,104,6,15.933951734525342,13.90063757261074
20,3,104,7,91.43757546327139,11.47944496013058
20,3,104,8,95.83030338226214,94.39409711642517
20,3,104,9,27.121938064535367,25.19810334692105
20,3,104,10,1.436512415184521,62.563574840608396
20,3,104,11,59.337968219713865,7.909079274801279
20,3,104,12,0.4268457160859218,93.22581490099473
20,3,104,13,64.47433142772404,48.66690943593485
20,3,104,14,66.46605312818016,25.7461548228041
20,3,104,15,63.84875349718722,47.7912624713004
20,3,104,16,71.44974827126683,63.15261370773197
20,3,104,17,19.934532957391593,98.48280363618593
20,3,104,18,50.95468127944499,25.458727227360022
20,3,104,19,56.26964970418735,91.57476254691012
20,4,105,0,12.925257367231492,69.24007869571096
20,4,105,1,22.50271122579388,30.844927196576165
20,4,105,2,83.0927755097089,91.7387570148067
20,4,105,3,36.02965390752841,62.19138928237026
20,4,105,4,61.77908718464643,82.32543473199601
20,4,105,5,69.77072458515283,45.73023415857651
20,4,105,6,42.44605123854919,93.4381813960754
20,4,105,7,54.89814176907054,70.27133996615581
20,4,105,8,81.68781775275386,63.624204360388184
20,4,105,9,77.91272593207106,88.77665767890228
20,4,105,10,31.38544068699023,55.52615180861715
20,4,105,11,88.7014636743775,55.67557808651428
20,4,105,12,84.8749920035879,87.83269229337189
20,4,105,13,49.245183950030814,78.3537841663018
20,4,105,14,78.84144678970412,91.28698185642776
20,4,105,15,28.88563219750089,15.994983100576732
20,4,105,16,20.597692986236428,63.771617552961565
20,4,105,17,40.46167920030894,52.30428970038612
20,4,105,18,25.94374389423453,8.173791924274909
20,4,105,19,88.55609333237805,72.95521947280243
50,0,101,0,60.61788604043807,65.0298279424133
50,0,101,1,99.6566750502347,73.24861646049047
50,0,101,2,8.464628803741835,31.767668940312575
50,0,101,3,39.87492238620457,94.26116659546241
50,0,101,4,65.77257615093157,46.75720711870308
50,0,101,5,71.80413465927403,70.10150277541622
50,0,101,6,54.91654788102539,80.8935556142555
50,0,101,7,75.45947129832282,86.29582084361537
50,0,101,8,79.34868442841349,33.3340168418865
50,0,101,9,61.25671622141703,58.61941583288528
50,0,101,10,99.39304854571841,86.31347087909471
50,0,101,11,21.305726026553984,81.65949368986544
50,0,101,12,29.039294414501715,37.15982097086842
50,0,101,13,99.98108118409733,7.416654902833741
50,0,101,14,64.86318099228848,30.851516117618726
50,0,101,15,90.03620431216962,72.77518237011952
50,0,101,16,77.28452468543998,76.68033361275079
50,0,101,17,22.867945557111156,29.242734525739866
50,0,101,18,66.42919620067954,87.22412774511045
50,0,101,19,28.49388399391487,44.37333607300248
50,0,101,20,5.742942445977562,13.184722911673695
50,0,101,21,68.62175992873435,38.84218770012217
50,0,101,22,87.2588824958663,99.45035453425919
50,0,101,23,42.28325641597215,31.097478972645476
50,0,101,24,7.764450067092743,62.129101309135706
50,0,101,25,18.437418913335925,84.25813693910071
50,0,101,26,35.00480368275334,77.8783577734286
50,0,101,27,75.36724984687429,27.439506089508082
50,0,101,28,82.06410396625402,11.950765776856198
50,0,101,29,21.834023889203625,23.16474308663412
50,0,101,30,26.980421562850477,85.68320958238678
50,0,101,31,84.02299067271622,18.242805399182526
50,0,101,32,18.267358942945478,20.91648746832381
50,0,101,33,94.27883701942665,20.38944321279996
50,0,101,34,72.12992224091651,57.02751478167478
50,0,101,35,76.03994846456105,43.38879981371512
50,0,101,36,75.26458401887524,71.88803056082716
50,0,101,37,77.88376291750454,22.52449117026253
50,0,101,38,88.1544857319115,70.70607830722061
50,0,101,39,98.31011389278001,76.24257718409491
50,0,101,40,88.7665207772092,61.196361361043614
50,0,101,41,35.77440955630671,73.81551240670656
50,0,101,42,63.70918759111579,74.07982914250006
50,0,101,43,71.43497870504186,40.45174571490349
50,0,101,44,96.20448170024706,33.63936212421679
50,0,101,45,25.767777298205797,28.111497778668916
50,0,101,46,58.458860312758745,16.0060115951538
50,0,101,47,64.79771945468828,52.59332884121689
50,0,101,48,97.2652643817915,69.58108301767403
50,0,101,49,75.48033041793272,18.45535298563201
50,1,102,0,4.070057617962419,5.816092277118967
50,1,102,1,20.811394440372066,16.376027953705595
50,1,102,2,92.73546435409345,21.052009191767752
50,1,102,3,36.593184784041014,27.322682350433325
50,1,102,4,81.74656266944751,89.2865245465492
50,1,102,5,2.834694243957192,67.17721900451508
50,1,102,6,67.3870805246527,76.0317751905826
50,1,102,7,35.873318030912586,64.14851233970295
50,1,102,8,27.599180707821645,5.799805292174209
50,1,102,9,41.911761186487574,1.2270639880687995
50,1,102,10,30.31059947232292,14.919843646120324
50,1,102,11,43.01454781039816,67.71424426834625
50,1,102,12,62.26768022320945,59.06375966147406
50,1,102,13,26.528378598338918,3.3742747954164987
50,1,102,14,94.33148826393263,52.461582156665024
50,1,102,15,26.93181490018217,41.715576884117965
50,1,102,16,25.38780234068949,26.109969762736597
50,1,102,17,87.75021047345936,40.57197154833489
50,1,102,18,66.79630038978517,75.59792840013209
50,1,102,19,86.50612974810245,77.5942677264122
50,1,102,20,87.1729656572616,38.15275439573364
50,1,102,21,10.915433527841124,84.06496013532283
50,1,102,22,65.38147312960999,41.22047853701049
50,1,102,23,51.768289670564336,76.43410768361785
50,1,102,24,2.7019684665903987,18.06202979684961
50,1,102,25,77.46112259272864,42.124569322024065
50,1,102,26,6.6959041992420865,7.892128700016454
50,1,102,27,52.95842293909021,26.935600951254056
50,1,102,28,88.3628935723989,29.265582958409496
50,1,102,29,37.48199042104628,45.904815137605304
50,1,102,30,99.94916294380212,85.99310601052737
50,1,102,31,56.25246786556164,83.01166996928983
50,1,102,32,86.02569560798557,37.448056863301815
50,1,102,33,19.482471392756295,47.236242488220846
50,1,102,34,44.168981253912406,9.864035463652376
50,1,102,35,32.49128787614992,52.97431327761605
50,1,102,36,44.81951094493962,9.35634813886418
50,1,102,37,40.377659942957436,57.72163121792233
50,1,102,38,21.34571275429542,61.113534753726995
50,1,102,39,49.84228228807983,10.049004689588836
50,1,102,40,67.4011990399145,85.15135281666608
50,1,102,41,76.64231566440705,71.96599151719838
50,1,102,42,82.5791621149168,54.83883524172269
50,1,102,43,60.585878774458024,91.17252905702091
50,1,102,44,29.433794204677156,62.78244825397613
50,1,102,45,7.317142277052691,27.11800355407289
50,1,102,46,9.650298704452364,16.68186837773671
50,1,102,47,38.02249212645403,47.84322266857956
50,1,102,48,9.190363643816502,64.54429486837549
50,1,102,49,54.20111853043422,58.036678913562575
50,2,103,0,19.63048891415132,66.96180700255626
50,2,103,1,11.991416918130582,23.38852185526159
50,2,103,2,23.97806226847007,62.40972200772552
50,2,103,3,51.75370631177974,87.96049017664322
50,2,103,4,63.3635534606779,13.687793886465926
50,2,103,5,40.3859158712931,58.418037374906326
50,2,103,6,4.9026432102272866,46.93319525161923
50,2,103,7,28.908062052092887,88.03814261744462
50,2,103,8,3.6155290132991347,51.253829637958724
50,2,103,9,50.37858748686824,98.52623494412224
50,2,103,10,60.907352341541475,9.26702482761833
50,2,103,11,83.80327854897489,51.90914569501365
50,2,103,12,74.98290342911639,70.95298930924876
50,2,103,13,91.70517838827193,30.641208985681466
50,2,103,14,74.30094401867396,32.17114486073464
50,2,103,15,71.9145419755964,10.881917557990317
50,2,103,16,0.13051306944739105,81.3542289392642
50,2,103,17,88.8599974592449,58.164901720992056
50,2,103,18,34.811741610861205,18.186215375732374
50,2,103,19,34.323212789209265,4.222810571595725
50,2,103,20,3.0807970089400505,63.14643005264715
50,2,103,21,44.19117622693239,83.38452045652126
50,2,103,22,75.54350336940746,34.056097541758966
50,2,103,23,62.33857848130775,11.857467743662465
50,2,103,24,4.136206132167731,85.26154614863411
50,2,103,25,65.5949319064951,1.2527654756865347
50,2,103,26,68.14289954628791,23.504614693932545
50,2,103,27,12.368521868125537,47.42803147452431
50,2,103,28,62.82487390552698,2.195412527976648
50,2,103,29,44.75703635940238,55.10715075281456
50,2,103,30,4.744720913910038,53.37182409022837
50,2,103,31,20.19895782170892,85.45353241741466
50,2,103,32,26.6995711430008,58.9633988354341
50,2,103,33,71.42334521060164,17.11204670374924
50,2,103,34,97.10150558229347,46.90766596654685
50,2,103,35,55.306895261682065,41.500565912778264
50,2,103,36,21.94787523356654,61.63622411330009
50,2,103,37,2.650159978579081,75.77846640026549
50,2,103,38,23.10476416996452,41.828892524329916
50,2,103,39,61.25962164844236,64.61202763184941
50,2,103,40,93.91847164312117,71.48373709867998
50,2,103,41,0.08794675738541535,86.05050126385935
50,2,103,42,41.457540986283966,29.493310657079107
50,2,103,43,6.785947428382022,43.40243479489618
50,2,103,44,27.546786705839487,68.41723205964891
50,2,103,45,26.841092787954867,43.01282247840138
50,2,103,46,90.29351254298122,67.6652723273007
50,2,103,47,16.675748513981436,8.805655993621652
50,2,103,48,44.25246414578701,91.45899740604875
50,2,103,49,28.674607687759256,79.69959560585832
50,3,104,0,12.319974537535405,81.00663242895362
50,3,104,1,3.973366738813522,88.13016696714506
50,3,104,2,48.06247589480409,41.86264907683921
50,3,104,3,58.330209098448826,35.75691451739994
50,3,104,4,38.43788008478517,28.05915666623372
50,3,104,5,34.58866163760664,25.97728499957075
50,3,104,6,30.2958058134158,69.4209405458872
50,3,104,7,58.4130723621808,36.72611674747021
50,3,104,8,87.46306837315923,74.2772427415459
50,3,104,9,1.559319614443655,76.08826567756685
50,3,104,10,27.361774937886707,42.4360017528045
50,3,104,11,48.577279863125014,65.57201184721778
50,3,104,12,55.05093809949042,97.09593326105724
50,3,104,13,65.03326847499615,1.1471157540938637
50,3,104,14,25.647918128804847,66.14832978938615
50,3,104,15,27.704669570630724,42.96048392356644
50,3,104,16,39.91522470011866,35.25905174704042
50,3,104,17,48.14595204199388,18.432859700740455
50,3,104,18,66.29076436956916,70.7503461794079
50,3,104,19,90.24665412010783,6.399502110626831
50,3,104,20,55.81591969493791,15.287544189154223
50,3,104,21,57.83795015416665,52.67252963431353
50,3,104,22,51.090762584370054,53.49835131604993
50,3,104,23,52.824724358296116,23.60936102904727
50,3,104,24,53.23205610191039,32.84927525532726
50,3,104,25,30.19965299109526,64.08879334475037
50,3,104,26,40.78015469306466,12.917377222272663
50,3,104,27,12.536364787443988,23.34351103214155
50,3,104,28,31.49124043043745,43.6615313062838
50,3,104,29,95.34533248018388,24.782913510088534
50,3,104,30,69.22565735514931,33.71417753522275
50,3,104,31,4.779763289222105,9.774718747610923
50,3,104,32,49.02194313255176,65.86784709967273
50,3,104,33,56.079909942161166,36.9095585279653
50,3,104,34,66.94768863582067,78.44623564648559
50,3,104,35,9.42713730624618,29.030106286623493
50,3,104,36,0.17095390813656186,11.254275703977168
50,3,104,37,22.27471678546208,94.91432755406824
50,3,104,38,7.384216900131668,78.36741749016653
50,3,104,39,68.20111126171952,55.447021861582115
50,3,104,40,22.41025567849817,33.07742332888911
50,3,104,41,5.773976104621625,93.07853606425856
50,3,104,42,58.7041901912584,76.30128161509094
50,3,104,43,76.34112325902271,12.808344651289993
50,3,104,44,93.74431107754825,58.289000773159216
50,3,104,45,4.521856596446683,84.56714630914217
50,3,104,46,90.08969884334252,28.069837803958308
50,3,104,47,24.632149098164348,11.57786208016307
50,3,104,48,0.8445658610939377,20.923868197055373
50,3,104,49,97.59001090963011,84.97851237362161
50,4,105,0,36.98209578514595,2.397946224088232
50,4,105,1,54.23475666027328,28.11659034094761
50,4,105,2,34.974005726328826,91.4288447052012
50,4,105,3,1.427391567338987,47.33001318476312
50,4,105,4,29.424790877967567,4.283038666197003
50,4,105,5,80.1973738735476,10.489835692715943
50,4,105,6,33.2163073585582,19.782033595983272
50,4,105,7,3.1694407386415824,13.893013725135795
50,4,105,8,95.5578195032397,45.41179416378309
50,4,105,9,49.27516381471884,35.76201890612647
50,4,105,10,88.07497281364596,62.731154029968714
50,4,105,11,5.094631435044283,74.35309950310204
50,4,105,12,89.528625706558,22.183410219841615
50,4,105,13,3.4784041904756036,0.5783015305088957
50,4,105,14,67.29379780635263,68.53578117377363
50,4,105,15,38.607990946092706,79.22006014026843
50,4,105,16,84.32595303598033,80.17368336769454
50,4,105,17,57.54303136898349,69.40031011776266
50,4,105,18,72.19601775412005,60.45165496169375
50,4,105,19,43.15604625526876,2.7809089585795865
50,4,105,20,70.73908508762419,14.59998981281947
50,4,105,21,54.32486518344077,90.74854273198525
50,4,105,22,23.9964965536695,31.191597405560458
50,4,105,23,46.14363690979727,86.0912044560343
50,4,105,24,6.958466428037047,61.307613295608654
50,4,105,25,37.47462887629872,30.1656174006234
50,4,105,26,72.73353173249794,72.18712989364676
50,4,105,27,19.340993232028236,14.265608960388432
50,4,105,28,98.62538743003401,93.97520839328503
50,4,105,29,74.51594559518196,84.8265651905316
50,4,105,30,64.1850443946952,70.37635617227377
50,4,105,31,70.29560896584225,27.79764756191706
50,4,105,32,28.98527179139585,60.28240106977842
50,4,105,33,85.76551199530712,32.985157827250234
50,4,105,34,10.230803114237785,6.014326174501495
50,4,105,35,14.054852215674407,12.702394899127256
50,4,105,36,58.91346664752254,29.80980735524791
50,4,105,37,47.042946485702984,96.80109683063733
50,4,105,38,52.076174903930216,35.560461366603576
50,4,105,39,43.64686216771264,80.62721854115217
50,4,105,40,75.02086402621633,31.623570746159924
50,4,105,41,17.98074974205314,54.115508784880554
50,4,105,42,88.31065821591159,4.215726938570086
50,4,105,43,46.07769177506953,89.87751986016754
50,4,105,44,29.472796064258176,26.12603283639624
50,4,105,45,37.41551045131656,33.32193023120289
50,4,105,46,34.21728534600107,74.8766368246409
50,4,105,47,69.78123593095492,90.95941246876411
50,4,105,48,23.796895982174014,73.45195997723803
50,4,105,49,31.662595706136777,95.42128030484356
100,0,101,0,65.46203324601981,54.37495241839827
100,0,101,1,59.622275117358136,47.58696173019127
100,0,101,2,67.68989829755046,33.38995498948023
100,0,101,3,61.296787982069645,96.96900686293083
100,0,101,4,7.955946390582325,47.36487000715988
100,0,101,5,31.12526582185293,51.431868593209586
100,0,101,6,74.7038151687271,66.84204510800986
100,0,101,7,76.8883332951927,9.59553553025685
100,0,101,8,55.90560927205714,39.43420720701837
100,0,101,9,57.93547197659179,63.0115790630848
100,0,101,10,34.33480255678466,41.07249580828988
100,0,101,11,50.14647828626059,79.76721524432554
100,0,101,12,99.67973786659617,14.115041133351781
100,0,101,13,75.51262713536372,65.9344577071441
100,0,101,14,73.67585198019619,72.85303264365238
100,0,101,15,5.9160010988414395,40.825544559213654
100,0,101,16,41.65519727008326,64.11675671743531
100,0,101,17,88.94829832487424,65.48203505743773
100,0,101,18,98.55869538858289,14.46996060645641
100,0,101,19,64.7778898949157,53.28811342078832
100,0,101,20,90.1748045204876,55.74852524819443
100,0,101,21,78.739985470732,35.21584878263331
100,0,101,22,79.32836773725046,84.67891894997909
100,0,101,23,46.754051343766555,7.044172873380039
100,0,101,24,76.84740023693941,76.6078673800056
100,0,101,25,84.47543300434742,39.413262680266456
100,0,101,26,52.00159325230206,32.26750447661679
100,0,101,27,3.2007146274270037,59.04310858013171
100,0,101,28,94.27293971662539,22.569132871052922
100,0,101,29,77.41981926690143,33.733529540877626
100,0,101,30,41.63821988089256,94.026714671559
100,0,101,31,14.596263685525667,73.96832105255183
100,0,101,32,34.92460798766005,92.93609569866274
100,0,101,33,59.05650151082076,19.718829374885082
100,0,101,34,97.315000921848,69.22971794801335
100,0,101,35,93.49253836447022,11.378275492918366
100,0,101,36,27.40650003855878,25.476054833762685
100,0,101,37,27.166064574930093,38.42366884222571
100,0,101,38,81.54934787387263,43.931949121382765
100,0,101,39,89.35549695802295,9.859797712178631
100,0,101,40,1.4808329196538628,25.184011550618823
100,0,101,41,38.395758395181936,67.79361461118467
100,0,101,42,59.8304207376097,26.09563056631783
100,0,101,43,69.43402091238134,27.79199865749441
100,0,101,44,6.817262613433639,1.5965463671137492
100,0,101,45,44.45121771758984,21.58208604330103
100,0,101,46,95.23302752089005,5.531234329712786
100,0,101,47,7.09158418730067,34.793532916391925
100,0,101,48,90.89649836709174,78.3541733690347
100,0,101,49,3.088573125277927,54.68764395821917
100,0,101,50,53.49562294201788,51.89589937163962
100,0,101,51,59.79396800110699,87.62423952433448
100,0,101,52,40.17241402405667,53.6199510201073
100,0,101,53,69.85175821061813,72.38085321120803
100,0,101,54,18.766400227250045,55.52596187489722
100,0,101,55,51.100253510241146,64.21742538748322
100,0,101,56,95.3398063367764,51.73922156181144
100,0,101,57,37.671835123355045,62.73515081729114
100,0,101,58,7.653729252632669,8.040400730533836
100,0,101,59,95.04896892406019,88.54086238292635
100,0,101,60,67.91919534429343,47.654320178383
100,0,101,61,95.87252395586287,15.468271215194552
100,0,101,62,74.07444004753766,59.86055470828949
100,0,101,63,50.21758663485938,47.20452165793838
100,0,101,64,26.947481263372353,48.71991957175581
100,0,101,65,50.786678441960376,18.094423834066596
100,0,101,66,59.08980626793808,83.5354211813016
100,0,101,67,6.564174730318317,98.34447166511369
100,0,101,68,13.133778587418876,33.2041595166498
100,0,101,69,57.73646916575137,24.586559425296006
100,0,101,70,39.79918945204821,74.92236567903026
100,0,101,71,63.058549341741774,92.32996777123148
100,0,101,72,38.078089399413905,11.920872219854317
100,0,101,73,34.25718760817611,27.62591876178814
100,0,101,74,8.016127371814418,1.981688399562198
100,0,101,75,70.65435674803693,85.98101240347884
100,0,101,76,32.83676097620335,37.14725523638218
100,0,101,77,39.08519461379761,95.3575022615539
100,0,101,78,29.660530358409932,57.59455062175355
100,0,101,79,13.992949660648135,49.49435692745037
100,0,101,80,97.44211962432557,2.0488790387257705
100,0,101,81,79.1362366467208,24.141181201508665
100,0,101,82,30.823821965577846,60.7784076822263
100,0,101,83,27.61044508342011,40.58998419562067
100,0,101,84,78.0006023072972,99.65774229817956
100,0,101,85,58.85872610304895,9.263501790627737
100,0,101,86,30.522862551011354,53.75703749351211
100,0,101,87,24.678767147148694,71.56210745070246
100,0,101,88,30.181318407697567,78.43324674199698
100,0,101,89,35.01587529320373,85.26858119127057
100,0,101,90,57.011216411566224,42.01267684794395
100,0,101,91,18.17030657270673,41.69722910052891
100,0,101,92,45.29302232483256,99.59017609711661
100,0,101,93,73.40407792032076,16.343854412745685
100,0,101,94,78.88100955172386,94.76075077555495
100,0,101,95,92.6676326409801,59.92510245823793
100,0,101,96,78.16921223452641,75.43968816311427
100,0,101,97,2.4484881767468325,31.03988050803671
100,0,101,98,19.75542719338752,34.64736110241014
100,0,101,99,27.943000717494527,21.745912884606543
100,1,102,0,86.22325440084062,49.476721344423794
100,1,102,1,40.359269516469666,17.669748221847613
100,1,102,2,48.14747932206826,71.35199823194428
100,1,102,3,35.03390576026142,91.77937281631277
100,1,102,4,8.815502002067966,26.831139184006723
100,1,102,5,30.837945755077822,36.385738697063005
100,1,102,6,60.36828000176245,56.102218715987604
100,1,102,7,91.84070104240674,84.87596445714814
100,1,102,8,89.28045672441066,46.10596933614002
100,1,102,9,48.59787252598817,94.32045675887014
100,1,102,10,86.62283713498047,2.348654925085647
100,1,102,11,32.28368669643773,98.36156788037302
100,1,102,12,97.25111538957088,48.66669258336977
100,1,102,13,10.656416627312437,28.26160506201957
100,1,102,14,38.395227016415944,22.56648093580197
100,1,102,15,46.49602671251575,79.44708673918751
100,1,102,16,16.956426498351153,77.43860429323898
100,1,102,17,95.51770327698085,30.896255900555392
100,1,102,18,84.40446400743774,83.54911365619263
100,1,102,19,98.00676974737426,99.1019376409239
100,1,102,20,91.19491801393877,69.96519342466317
100,1,102,21,81.62817556878218,18.048628040937498
100,1,102,22,68.36214992934038,49.88966904043763
100,1,102,23,9.206778311756814,54.95862979238129
100,1,102,24,89.8092869002634,70.90479572905855
100,1,102,25,72.80434314192408,6.65379091767001
100,1,102,26,95.10587665552463,77.49280142170444
100,1,102,27,16.57275468452092,74.24022844261243
100,1,102,28,73.71658818818267,21.272105325546498
100,1,102,29,34.75774197759808,18.300507682503163
100,1,102,30,47.97832673570076,58.431375804356314
100,1,102,31,97.06527877105768,17.471165877982664
100,1,102,32,9.653374958401296,7.362252895410004
100,1,102,33,96.13738895909682,53.94454964603219
100,1,102,34,3.7538710688425736,46.66099113609706
100,1,102,35,70.70353331052151,56.67324182209042
100,1,102,36,7.050170563771829,88.35503388785243
100,1,102,37,41.41044704501166,19.21927455485626
100,1,102,38,93.40228458729491,93.94944065372958
100,1,102,39,1.6529289752479248,98.59354442174072
100,1,102,40,36.976827745377385,53.38119439465857
100,1,102,41,52.02922675007304,22.20084152410059
100,1,102,42,82.82340320395289,16.709783084418838
100,1,102,43,21.04552490455309,2.7478140366253623
100,1,102,44,11.164210025668996,93.20409071923189
100,1,102,45,34.84273455681175,91.4955131756257
100,1,102,46,48.00551750032508,65.08577694365046
100,1,102,47,69.50799592312201,1.0261133862409122
100,1,102,48,30.437385194234512,42.434108673180205
100,1,102,49,85.61322344072185,85.54703468169966
100,1,102,50,17.26088217203109,42.43013173588266
100,1,102,51,53.357717128603014,55.3131229201012
100,1,102,52,71.06981573679745,74.72319188513346
100,1,102,53,58.93281829472886,32.925099594493425
100,1,102,54,59.24144072583856,19.103619583103715
100,1,102,55,69.78584460241102,30.084614358286654
100,1,102,56,14.112417993702476,45.710233552979886
100,1,102,57,84.2903402726945,13.703818904204235
100,1,102,58,25.349659306867355,2.9351322886735587
100,1,102,59,19.395234889997106,75.21627260902689
100,1,102,60,91.51706672665799,6.725015392800038
100,1,102,61,90.2465757621008,1.9721208845756566
100,1,102,62,89.02501602263678,7.7700810200364785
100,1,102,63,31.60739652527885,72.85646024918249
100,1,102,64,35.71641477124747,9.311826914220644
100,1,102,65,43.08948253082202,98.0175145308434
100,1,102,66,43.934314981313726,99.50265486565996
100,1,102,67,40.02700918998925,78.6449667527419
100,1,102,68,50.32812869272395,82.55670638633318
100,1,102,69,60.411808885641385,70.39289364053069
100,1,102,70,18.47508552113514,44.751714446578426
100,1,102,71,60.94358099309651,86.53679407105543
100,1,102,72,86.39363365138493,58.48436424490849
100,1,102,73,78.47414338327866,36.20890819853157
100,1,102,74,34.776219947533995,32.85016118469321
100,1,102,75,59.74349363545763,97.21981890801507
100,1,102,76,17.72416519024199,54.023413175049505
100,1,102,77,84.78517821387133,95.15010699638772
100,1,102,78,77.70812251130603,33.415046912386416
100,1,102,79,86.36244261905762,34.26741090545218
100,1,102,80,81.06286893893638,63.0007355921432
100,1,102,81,75.60885160921887,77.58098814212323
100,1,102,82,78.12163244580346,64.22798774697
100,1,102,83,36.12937089591188,70.10028831801904
100,1,102,84,15.879936132260497,77.29346221034751
100,1,102,85,40.50301813259109,64.40547799669834
100,1,102,86,72.92316476608157,89.6778620417164
100,1,102,87,69.66936408874028,97.53955089650124
100,1,102,88,96.26315489324129,51.09426097233518
100,1,102,89,41.788020153876694,81.55725194754821
100,1,102,90,87.71760466729751,4.272338454988612
100,1,102,91,23.224354738363328,50.37785428568251
100,1,102,92,15.85216761111935,28.104292016000176
100,1,102,93,19.66058557027237,94.51793801251304
100,1,102,94,26.124804862011295,42.61250848898137
100,1,102,95,19.960427113207814,33.874738408317384
100,1,102,96,94.47526215361887,30.774969508879412
100,1,102,97,96.62902412681743,78.4910220303117
100,1,102,98,29.334663485534442,20.987204869219823
100,1,102,99,64.07373827273524,75.57979111275552
100,2,103,0,9.840304009500978,13.11038773795522
100,2,103,1,31.667313164528455,78.8348689452565
100,2,103,2,97.91571073128472,96.41793066892681
100,2,103,3,70.66507064275098,12.571540031887718
100,2,103,4,70.37609596036589,14.997140355318372
100,2,103,5,41.842974800048935,14.482987170750084
100,2,103,6,13.38007638379125,82.83877879451222
100,2,103,7,87.54128847105362,88.38553015616975
100,2,103,8,67.44117543324994,6.477041042447884
100,2,103,9,61.183123920641414,96.14621626886893
100,2,103,10,63.42135057142495,1.2155525311542181
100,2,103,11,11.206113796197814,17.185094146826273
100,2,103,12,29.8175990726933,51.823238571599894
100,2,103,13,3.4220563671002346,70.59429822866363
100,2,103,14,75.21057249512849,77.6585457271855
100,2,103,15,66.09603319650097,29.885637238972386
100,2,103,16,91.55207175519561,20.78710885579803
100,2,103,17,23.5368975025407,20.01438414450094
100,2,103,18,39.72035808654923,50.187989431672754
100,2,103,19,19.82950683423147,72.4335458756185
100,2,103,20,65.52740432049222,72.55308452826516
100,2,103,21,1.4160246179467317,74.56794751236121
100,2,103,22,7.760465767698732,86.5442073331739
100,2,103,23,89.41038111132829,46.44607116279018
100,2,103,24,13.588467120140368,75.68642389044452
100,2,103,25,12.539118051935972,74.93818092056974
100,2,103,26,19.673171355265985,7.32507260719496
100,2,103,27,59.41038104504302,25.717471953659988
100,2,103,28,97.13473978546145,84.72554420268452
100,2,103,29,76.05568850184345,59.74277291999061
100,2,103,30,27.930944438072004,68.18447663576302
100,2,103,31,98.77182695291148,69.97749018592918
100,2,103,32,8.898086378753634,63.498618155719456
100,2,103,33,20.57217378855426,58.887750998112494
100,2,103,34,17.247998549083732,76.70369009558733
100,2,103,35,22.104659905522063,4.966492681525036
100,2,103,36,5.401367474811735,67.10281360070074
100,2,103,37,61.30146329562525,52.65849510355779
100,2,103,38,99.60192360052642,74.29972047185124
100,2,103,39,61.25786100898717,54.52874656892812
100,2,103,40,21.91119760025886,97.87742662852922
100,2,103,41,97.88212625200626,15.50024039016742
100,2,103,42,15.697091636984394,19.11010341730418
100,2,103,43,70.77660364599221,40.01330735777131
100,2,103,44,86.11029112121105,81.1767702742287
100,2,103,45,81.46704177341311,12.36230985792065
100,2,103,46,47.81442154500735,47.35835602387796
100,2,103,47,77.39746024015216,36.355219918617735
100,2,103,48,32.32253261789372,35.78204941318093
100,2,103,49,95.1507047695489,23.5491307459892
100,2,103,50,48.13972157015225,13.47214106030875
100,2,103,51,56.7611496685474,80.1467965558359
100,2,103,52,69.75300827598069,0.9145982019755028
100,2,103,53,24.403674152500333,88.26727640200687
100,2,103,54,26.442565337305457,39.6500081462578
100,2,103,55,75.71187140422585,87.0263073855648
100,2,103,56,12.978083103904492,47.665117275038796
100,2,103,57,78.12632327143632,73.55666785321408
100,2,103,58,86.18163882242872,85.01645546211508
100,2,103,59,65.38644411349142,79.34572149104878
100,2,103,60,47.40247063727045,96.55501081107998
100,2,103,61,35.81164683063177,80.21577681575732
100,2,103,62,78.14341768181382,55.25230172267174
100,2,103,63,91.99864860388239,15.250076344038932
100,2,103,64,70.37184226322071,57.81569135441775
100,2,103,65,45.15588889755359,83.89915058337992
100,2,103,66,31.83195781401048,5.376116793725294
100,2,103,67,3.156036140784124,77.1207400575071
100,2,103,68,13.69817583949292,6.417998909360067
100,2,103,69,98.33244140705706,26.650103034920804
100,2,103,70,43.238456213894125,5.25144973334204
100,2,103,71,8.128506100875565,95.23697272040901
100,2,103,72,91.35738866253334,81.83429789823006
100,2,103,73,81.28280875829145,48.69913125675892
100,2,103,74,45.56895739655982,43.90355298822779
100,2,103,75,25.86858403687884,31.319447958794346
100,2,103,76,58.033381733692465,19.933716344422457
100,2,103,77,97.94682467498002,1.0717916926820559
100,2,103,78,72.03917617368235,44.08680463764559
100,2,103,79,70.32491219161285,88.11557637865477
100,2,103,80,87.67677352986738,4.671144876334465
100,2,103,81,65.07100014142159,13.026254757914513
100,2,103,82,58.94913972616674,9.395330042670203
100,2,103,83,88.07071078839141,8.107548007137622
100,2,103,84,49.150852324335794,28.813440911226174
100,2,103,85,41.27510341346877,21.564179350093106
100,2,103,86,6.170573083459663,12.711660935773772
100,2,103,87,20.569518630271276,99.07721672091964
100,2,103,88,19.475438703626846,83.37637817633305
100,2,103,89,91.46368036348873,46.306669681215595
100,2,103,90,62.06563775469153,25.15445855602394
100,2,103,91,23.45966095664259,69.5903222521204
100,2,103,92,56.98827582884293,61.92292264970182
100,2,103,93,59.840424522727254,60.687608527014525
100,2,103,94,13.914848617627273,28.732935043024842
100,2,103,95,95.79690525602395,86.40669726739046
100,2,103,96,43.42475627855384,28.75982018551152
100,2,103,97,50.5045032172843,34.352967059468185
100,2,103,98,25.459390099616087,2.7905288140107176
100,2,103,99,77.43416684613392,78.29924516302317
100,3,104,0,56.28078903569084,50.65806197648952
100,3,104,1,2.194150612021184,86.40602288113642
100,3,104,2,90.33127557060632,13.183075717719417
100,3,104,3,3.1754458100486938,77.23119420041688
100,3,104,4,8.706753644105692,67.95329394553507
100,3,104,5,15.729875560811223,91.30429901504246
100,3,104,6,24.062898120643084,39.94030336685328
100,3,104,7,88.04730831865302,42.4310310196169
100,3,104,8,27.940877198627746,43.39164145684635
100,3,104,9,44.99869693498233,33.89957506957927
100,3,104,10,59.99660049758627,17.392324647962997
100,3,104,11,27.204239932315765,10.05974232488105
100,3,104,12,41.70863694003123,44.08332281879377
100,3,104,13,35.98647202305134,47.032344163230825
100,3,104,14,46.987568279106476,69.45337235872424
100,3,104,15,17.950008447688013,50.91348788446249
100,3,104,16,1.7871970449187313,47.79815616428996
100,3,104,17,26.428013144887785,77.428005363636
100,3,104,18,56.2300583662976,94.48282078763714
100,3,104,19,97.29846748783486,15.508431260398126
100,3,104,20,39.31212925102021,51.24221854571272
100,3,104,21,64.72829217973239,27.90105792375488
100,3,104,22,41.47640127756065,90.91713281801583
100,3,104,23,90.19401816236166,76.01853674071258
100,3,104,24,55.26223420889962,13.624156763923045
100,3,104,25,92.92279812038115,34.61380325113408
100,3,104,26,55.211714776587684,2.0934017384757864
100,3,104,27,21.33131290255359,51.04422361266027
100,3,104,28,69.2650539182851,14.612599984733432
100,3,104,29,24.01008456010666,11.85543977381942
100,3,104,30,82.91772161074624,39.481290672748024
100,3,104,31,69.14938379208053,57.57617076328818
100,3,104,32,67.3140086615311,54.735024501896376
100,3,104,33,50.42710317681366,58.70396586066822
100,3,104,34,25.13050168012273,59.66949075669129
100,3,104,35,85.18108806230973,3.2679784756751484
100,3,104,36,61.72468489883136,8.002861465870104
100,3,104,37,93.76119229811007,8.22773356544756
100,3,104,38,90.83931972669302,81.8442189090673
100,3,104,39,88.05346804392289,31.00020701639109
100,3,104,40,64.13321209853315,64.79958016899992
100,3,104,41,54.024725674981156,32.64217376674018
100,3,104,42,9.434197622884689,61.96506595026277
100,3,104,43,59.86262323858925,11.147394782449382
100,3,104,44,16.975557153820688,55.008981026329316
100,3,104,45,22.441459174635526,41.83368454506395
100,3,104,46,24.15032165753973,97.49381736868887
100,3,104,47,94.78486890973096,90.01125781700303
100,3,104,48,66.4757273402522,71.54095530493002
100,3,104,49,79.3669008825385,84.66144521002266
100,3,104,50,85.16143970526511,12.304745297712305
100,3,104,51,50.672748749792184,7.622761956711788
100,3,104,52,63.31617392172194,51.96731976323032
100,3,104,53,16.998430665423758,92.3660714671059
100,3,104,54,97.22025767508907,23.966990317297064
100,3,104,55,44.00404149212659,18.060226527790213
100,3,104,56,13.765089755291104,8.634396474316619
100,3,104,57,98.06173823640842,99.51959133154662
100,3,104,58,73.93519643999315,53.73507432436996
100,3,104,59,48.456581453745216,14.167932095110714
100,3,104,60,37.92372729121315,28.453428230849052
100,3,104,61,51.4435118322247,71.46196244755863
100,3,104,62,40.23246218427816,63.41995712901313
100,3,104,63,63.65618267322838,25.963744539657498
100,3,104,64,29.357578637828873,60.831029813966786
100,3,104,65,75.09299202299773,99.52012995147899
100,3,104,66,87.01995706185916,77.06444179943938
100,3,104,67,86.75653956826619,77.35898081648944
100,3,104,68,49.678358012995936,42.279641862308196
100,3,104,69,93.65124519288938,76.38855458354016
100,3,104,70,91.08870559265175,16.935644522782212
100,3,104,71,56.8178565451283,75.8565110205594
100,3,104,72,93.94812017019592,71.68473043085241
100,3,104,73,58.330901973376605,60.00404470186501
100,3,104,74,98.68528889117712,38.77978752982708
100,3,104,75,43.74460129356251,51.1503551798051
100,3,104,76,23.50496933442663,48.90742839378133
100,3,104,77,70.145215128824,31.188594923788926
100,3,104,78,40.27050084128982,22.518112277279712
100,3,104,79,87.29739084497565,62.204133466452724
100,3,104,80,71.59199797906858,27.788027294755135
100,3,104,81,27.133173156772926,73.97670110306204
100,3,104,82,29.11018770608268,21.231053486649763
100,3,104,83,29.32100967807052,11.867981851098474
100,3,104,84,0.906737099742938,77.45837060525758
100,3,104,85,50.71901177189781,60.64699863778485
100,3,104,86,66.63311102277234,41.892720808802764
100,3,104,87,48.5524697004753,29.038703277951683
100,3,104,88,93.93965065641684,38.68883389204916
100,3,104,89,99.28163045708897,70.54232101406444
100,3,104,90,34.483370624423195,85.27665605303709
100,3,104,91,32.048257744217445,10.007559526679632
100,3,104,92,34.833874067530466,49.37798144128607
100,3,104,93,38.300599869649524,93.46864691297118
100,3,104,94,54.501936131810645,44.13063333781903
100,3,104,95,22.371884073439418,75.48266260119566
100,3,104,96,1.0628630746432166,29.688062670414585
100,3,104,97,75.23977205388779,32.67308771855005
100,3,104,98,31.075515927869503,98.61588341037655
100,3,104,99,70.863990280018,86.56105417909166
100,4,105,0,79.41837205486263,41.35169116083646
100,4,105,1,21.354431277457376,68.83274878004272
100,4,105,2,89.54782176735236,27.010810180282796
100,4,105,3,10.29683102971336,47.64817031095987
100,4,105,4,34.9189367807447,52.48876445518288
100,4,105,5,71.25790033114941,4.97506551676995
100,4,105,6,50.321002607081375,39.53205769236538
100,4,105,7,55.835484449387074,84.49226701765082
100,4,105,8,38.60589335567381,65.72543672055097
100,4,105,9,71.33389291228906,6.466337579602266
100,4,105,10,62.075486708309356,55.369193005240234
100,4,105,11,50.43340237260063,70.8500043167414
100,4,105,12,90.9570708828529,13.477504565289955
100,4,105,13,67.5489781918342,37.584231919160835
100,4,105,14,38.48239475622008,36.54194653693269
100,4,105,15,32.182136988133244,2.170478751364424
100,4,105,16,14.427574376669117,40.301206003758274
100,4,105,17,23.40900555982094,33.08268150447091
100,4,105,18,42.2998399297242,40.176796926399184
100,4,105,19,28.3854393113973,51.697547861512525
100,4,105,20,74.28252019768243,91.36549187137733
100,4,105,21,73.3084559283728,22.930307716461762
100,4,105,22,95.42863679839515,0.37849782947388944
100,4,105,23,61.74415876747392,97.36049161133707
100,4,105,24,70.91711828398024,55.57029882092427
100,4,105,25,4.4412838946783495,87.69681334723812
100,4,105,26,36.839944030891125,5.969891607896416
100,4,105,27,37.06673825017517,36.713917399748084
100,4,105,28,52.58876800586041,86.50749216154824
100,4,105,29,47.876696520375425,38.87598858165497
100,4,105,30,63.3381133294902,11.489229818180203
100,4,105,31,67.36910544610893,17.85051124745912
100,4,105,32,28.733209208811694,75.49427431942088
100,4,105,33,69.58651070093114,80.78169402575104
100,4,105,34,14.79590123887482,9.282351105506548
100,4,105,35,0.6046472633322142,97.61580467165098
100,4,105,36,37.14621999947582,53.91284549802292
100,4,105,37,18.72815926489152,66.75475569073159
100,4,105,38,92.73173431936684,2.1302454899967183
100,4,105,39,69.4984076948214,16.114124272528475
100,4,105,40,73.33453661797478,13.942688187507402
100,4,105,41,1.635853199455739,4.12418952891348
100,4,105,42,76.70643898073881,54.05189942232915
100,4,105,43,99.26062067062381,48.86079652344927
100,4,105,44,30.602201784821624,21.263470030949925
100,4,105,45,16.413840025070048,82.09189017444089
100,4,105,46,58.47172586233131,52.84249563130825
100,4,105,47,75.69938989307275,27.502771062921873
100,4,105,48,65.0809733030633,80.3200334147796
100,4,105,49,24.840007685980414,5.216644249845459
100,4,105,50,17.09903561184698,51.16595092098714
100,4,105,51,27.338883509153767,59.93060831015229
100,4,105,52,2.3342923184440645,21.76576548070399
100,4,105,53,64.19759756687236,94.01011736662976
100,4,105,54,64.886590618556,73.65540276427205
100,4,105,55,45.049105210660926,42.25444192461515
100,4,105,56,81.0207152609195,62.49881878945559
100,4,105,57,62.20531076275958,98.26112991543575
100,4,105,58,39.700325986019756,55.068655075845804
100,4,105,59,0.5777982908985235,4.633715524385296
100,4,105,60,52.111765489441794,81.9436910215839
100,4,105,61,49.67010755232859,72.32799574247397
100,4,105,62,40.379278252085285,63.02951204948415
100,4,105,63,72.96982861504776,99.7816455420929
100,4,105,64,62.558206248452876,13.517752717094744
100,4,105,65,43.51046357268829,68.79019070970483
100,4,105,66,19.71492934889988,99.87296062017207
100,4,105,67,88.39053516036796,5.334741729056036
100,4,105,68,1.3002029202551224,38.0029122041771
100,4,105,69,20.174020947563108,72.80262557125245
100,4,105,70,99.06498001595811,9.627530295752507
100,4,105,71,91.32697756558387,6.313392494316938
100,4,105,72,59.01945183219325,0.0682316691288376
100,4,105,73,18.711785768700462,91.858160639161
100,4,105,74,60.71748442428822,45.67136920923134
100,4,105,75,58.45695288751745,91.8056642017622
100,4,105,76,98.38661656781737,98.94892341396789
100,4,105,77,22.849510094752766,39.943712441013076
100,4,105,78,5.507343812641496,95.12975560682906
100,4,105,79,90.11301996120925,63.21458994178698
100,4,105,80,19.265877613123415,36.18834930053369
100,4,105,81,25.07657997359877,54.83552920954823
100,4,105,82,17.700548664940086,37.19717173771987
100,4,105,83,39.376103273969335,98.50062914408927
100,4,105,84,1.0801257070672254,74.6114543044718
100,4,105,85,5.009521064688915,1.2379739914079035
100,4,105,86,71.9168591025834,20.599281133953152
100,4,105,87,56.46458240988459,35.22992849895037
100,4,105,88,76.0137346653601,36.68701633861249
100,4,105,89,3.2294374516272373,62.69003922518751
100,4,105,90,56.57607807873389,34.12185784292896
100,4,105,91,50.19066354447014,27.06302547457985
100,4,105,92,27.447046216382674,93.07177908535694
100,4,105,93,91.62324702668201,33.99579995566295
100,4,105,94,4.74050251344641,54.93245660320169
100,4,105,95,93.80839278892364,27.720944202537456
100,4,105,96,37.83569130259584,47.9591305713423
100,4,105,97,24.76183583710704,80.12542577728382
100,4,105,98,54.83913980955465,65.6014904384085
100,4,105,99,15.318992215822558,49.45537693322238
