algoritmo,config,mean,median,std
ACO,"{""beta"": 2.0, ""rho"": 0.3}",1.0,0.67,1.02
ACO,"{""beta"": 3.0, ""rho"": 0.3}",1.11,1.06,0.68
ACO,"{""beta"": 2.0, ""rho"": 0.1}",1.26,1.26,1.25
ACO,"{""beta"": 3.0, ""rho"": 0.1}",1.28,1.27,0.66
ACO,"{""beta"": 5.0, ""rho"": 0.3}",1.44,1.49,0.48
ACO,"{""beta"": 5.0, ""rho"": 0.1}",1.58,1.74,0.34
GA,"{""poblacion"": 50, ""prob_mutacion"": 0.3}",5.7,5.08,2.67
GA,"{""poblacion"": 100, ""prob_mutacion"": 0.3}",8.03,8.4,3.3
GA,"{""poblacion"": 50, ""prob_mutacion"": 0.6}",11.26,11.52,3.82
GA,"{""poblacion"": 50, ""prob_mutacion"": 0.1}",11.72,9.76,5.88
GA,"{""poblacion"": 100, ""prob_mutacion"": 0.1}",11.81,12.86,4.1
GA,"{""poblacion"": 100, ""prob_mutacion"": 0.6}",40.82,40.96,8.32
HC,"{""paciencia_factor"": 2.0}",4.07,3.92,2.1
HC,"{""paciencia_factor"": 1.0}",4.88,4.75,1.77
HC,"{""paciencia_factor"": 0.5}",5.58,5.35,1.88
PSO,"{""particulas"": 50, ""vmax"": 0.5}",94.34,100.08,18.39
PSO,"{""particulas"": 50, ""vmax"": 0.1}",110.86,101.53,23.7
PSO,"{""particulas"": 30, ""vmax"": 0.5}",111.08,116.89,20.69
PSO,"{""particulas"": 30, ""vmax"": 0.1}",123.02,126.96,18.6
SA,"{""p0"": 0.2, ""ratio_final"": 0.01}",2.52,2.5,1.88
SA,"{""p0"": 0.2, ""ratio_final"": 0.0001}",3.14,3.36,2.08
SA,"{""p0"": 0.8, ""ratio_final"": 0.001}",3.43,2.89,2.64
SA,"{""p0"": 0.8, ""ratio_final"": 0.0001}",3.77,3.23,2.14
SA,"{""p0"": 0.5, ""ratio_final"": 0.01}",3.89,3.8,2.1
SA,"{""p0"": 0.8, ""ratio_final"": 0.01}",4.03,3.53,2.04
SA,"{""p0"": 0.2, ""ratio_final"": 0.001}",4.32,4.1,2.16
SA,"{""p0"": 0.5, ""ratio_final"": 0.0001}",4.35,3.5,2.67
SA,"{""p0"": 0.5, ""ratio_final"": 0.001}",4.37,4.47,2.05
