n,A,B,mediana(A-B),p_Wilcoxon,p_Holm,biserial_rangos,significativo,mejor
20,GA,ACO,6.272090451849067,7.586773844270522e-21,4.5520643065623135e-20,0.8810596026490066,sí,ACO
20,GA,PSO,-79.8718516311308,6.072859306244218e-26,4.251001514370953e-25,-0.9914348785871965,sí,GA
20,GA,HC,3.870688377807909,7.426213279402389e-14,3.7131066397011946e-13,0.703664459161148,sí,HC
20,GA,SA,3.749887484357174,1.6311072191962288e-11,6.524428876784915e-11,0.6337306843267109,sí,SA
20,ACO,PSO,-87.16627250764179,2.3228406148613738e-26,2.3228406148613736e-25,-0.9999116997792494,sí,ACO
20,ACO,HC,-5.684341886080802e-14,5.746760319560437e-08,1.1493520639120874e-07,-0.5086092715231788,sí,ACO
20,ACO,SA,-5.684341886080802e-14,2.0839428581138268e-11,6.524428876784915e-11,-0.6290507726269315,sí,ACO
20,PSO,HC,85.88377394843059,2.3939507369660054e-26,2.3228406148613736e-25,0.9996467991169978,sí,HC
20,PSO,SA,84.73121075930746,2.369951446092126e-26,2.3228406148613736e-25,0.9997350993377483,sí,SA
20,HC,SA,0.0,0.025806830277694256,0.025806830277694256,-0.20918322295805739,sí,HC
50,GA,ACO,33.08556821159351,9.887387651474815e-26,5.932432590884889e-25,0.9871081677704194,sí,ACO
50,GA,PSO,-525.210434421108,2.2996057560669792e-26,2.299605756066979e-25,-1.0,sí,GA
50,GA,HC,11.422577184992349,8.362035017498338e-09,8.362035017498338e-09,0.542251655629139,sí,HC
50,GA,SA,24.04780442909214,1.1427169569774086e-19,4.570867827909634e-19,0.8541280353200883,sí,SA
50,ACO,PSO,-565.3883236833349,2.2996057560669792e-26,2.299605756066979e-25,-1.0,sí,ACO
50,ACO,HC,-19.247506769341214,1.509622172588641e-24,7.548110862943205e-24,-0.962560706401766,sí,ACO
50,ACO,SA,-9.238541912611083,2.556395118332468e-16,7.669185354997404e-16,-0.7711258278145695,sí,ACO
50,PSO,HC,537.4042455989173,2.2996057560669792e-26,2.299605756066979e-25,1.0,sí,HC
50,PSO,SA,555.4608087289166,2.2996057560669792e-26,2.299605756066979e-25,1.0,sí,SA
50,HC,SA,9.566193536406843,6.097368639841386e-12,1.2194737279682772e-11,0.6473289183222958,sí,SA
100,GA,ACO,96.37324216879381,2.2996057560669792e-26,2.299605756066979e-25,1.0,sí,ACO
100,GA,PSO,-1746.5649850644718,2.2996057560669792e-26,2.299605756066979e-25,-1.0,sí,GA
100,GA,HC,45.66593991420859,1.6955392925353584e-24,5.086617877606075e-24,0.9615011037527594,sí,HC
100,GA,SA,81.33332747695823,2.2996057560669792e-26,2.299605756066979e-25,1.0,sí,SA
100,ACO,PSO,-1848.4188226914075,2.2996057560669792e-26,2.299605756066979e-25,-1.0,sí,ACO
100,ACO,HC,-50.16029317331186,2.755394799578309e-26,2.299605756066979e-25,-0.9984105960264901,sí,ACO
100,ACO,SA,-18.67141424921749,2.787252399158509e-12,2.787252399158509e-12,-0.6577483443708609,sí,ACO
100,PSO,HC,1787.7618393355388,2.2996057560669792e-26,2.299605756066979e-25,1.0,sí,HC
100,PSO,SA,1823.1455431754384,2.2996057560669792e-26,2.299605756066979e-25,1.0,sí,SA
100,HC,SA,37.22608562986284,9.127289575795832e-23,1.8254579151591664e-22,0.9244150110375275,sí,SA
