n,algoritmo,calidad (rango Friedman),estabilidad (desv. error %),velocidad (AUC error),pos_calidad,pos_estabilidad,pos_velocidad,pos_global
20,ACO,1.8433333333333333,0.05097436908475243,2.454607092656346,1,1,1,1
20,HC,2.3133333333333335,0.8912739116212359,22.937325515420362,2,2,2,2
20,SA,2.5766666666666667,0.9843211436619501,64.15370939499157,3,3,3,3
20,GA,3.3133333333333335,2.1402378923198753,79.09689830504108,4,4,4,4
20,PSO,4.953333333333333,13.069440448855772,120.24368156680173,5,5,5,5
50,ACO,1.3133333333333332,0.6227152476960276,12.587024777524514,1,1,1,1
50,SA,2.1666666666666665,2.063635438830746,157.72162669490422,2,2,3,2
50,HC,3.02,2.3624349315337003,65.91536913624273,3,3,2,3
50,GA,3.5,3.702334962084899,207.97942499191709,4,4,4,4
50,PSO,5.0,19.68525752397314,389.00581754667144,5,5,5,5
100,ACO,1.26,0.8907042056401604,22.061204538574064,1,1,1,1
100,SA,1.88,2.1913761640819924,284.9140872467709,2,2,3,2
100,HC,2.9266666666666667,2.518351312954287,120.90891163194705,3,3,2,3
100,GA,3.933333333333333,3.2958990859953827,363.7459905659592,4,4,4,4
100,PSO,5.0,24.065896209228253,726.5219436235787,5,5,5,5
