n,algoritmo,tiempo_medio_s,tiempo_desv_s,tiempo_por_1000FEs_ms,memoria_media_MB,memoria_desv_MB,exito_pct,FEs_umbral_mediana,FEs_umbral_media,FEs_umbral_%presupuesto
20,GA,0.6942703985400234,0.035610645921204456,69.42703985400229,0.03833221435546875,0.0006537635845658053,36.0,3488.0,3973.574074074074,34.88
20,ACO,0.2843922787333304,0.021573581923342064,28.439227873332992,0.03791202545166012,0.0018096614486085977,99.33333333333333,242.0,435.5436241610738,2.42
20,PSO,0.01655604252001462,0.0025961362686279924,1.655604252001414,0.07371711730957027,0.00024821927619930045,0.6666666666666667,3417.0,3417.0,34.17
20,HC,0.009246862046666087,0.0041662599124233915,0.9246862046665613,0.20921569824218747,0.0007664305603541337,73.33333333333333,3076.0,3517.1272727272726,30.76
20,SA,0.010757059686669238,0.004857711239426927,1.07570596866688,0.2448013305664062,0.0008367936477255302,70.66666666666667,3324.0,3331.8490566037735,33.24
50,GA,2.123744474639984,0.091993812072158,70.79148248799943,0.09029388427734371,0.0018912821245451322,2.0,22710.0,23913.0,75.7
50,ACO,1.1790525397133358,0.05656885432819022,39.301751323777815,0.21431163787841792,0.0011625571061057928,66.0,7713.0,10656.868686868687,25.71
50,PSO,0.07426708397999691,0.009555243040780577,2.4755694659998473,0.17958869934082028,0.0010416359015233006,0.0,,,
50,HC,0.027536168153333117,0.008460117863345927,0.9178722717777247,0.2803927612304687,0.0024902045335415466,2.666666666666667,11162.5,11693.25,37.208333333333336
50,SA,0.032827566200018386,0.009525990183241247,1.0942522066672322,0.31829833984374994,0.004318574278930541,16.0,18559.5,18465.583333333332,61.865
100,GA,4.46300206464,0.6396684857370256,74.38336774399997,0.17871459960937497,0.004697473581539298,0.0,,,
100,ACO,5.228171520893338,0.7790230841749104,87.1361920148889,0.8448019409179688,0.0013814264486867618,17.333333333333336,34783.5,34394.88461538462,57.9725
100,PSO,0.23399856826666635,0.034060875428413594,3.899976137777722,0.3558032989501953,0.0015740623066070587,0.0,,,
100,HC,0.058001391533342286,0.014520213377333245,0.9666898588889878,0.5322512817382813,0.008193182146711603,0.0,,,
100,SA,0.07057254105333484,0.018552649393434,1.1762090175555318,0.5702658081054688,0.00961747453593325,4.0,53696.5,52121.666666666664,89.49416666666667
