n,instancia,algoritmo,mejor,media,mediana,desv,error_medio_%,error_mediana_%,IQR_error,exito_%,mejora_%
20,0,GA,426.616379108936,449.33548617710574,449.7624690152861,10.34724613544634,5.325418380706009,5.425504279675056,4.296114100282638,3.3333333333333335,58.12105197485295
20,0,ACO,426.616379108936,426.6163791089361,426.6163791089361,7.611721041621265e-14,7.55040646940705e-15,1.3324246710718322e-14,1.3324246710718322e-14,100.0,42.01572537516934
20,0,PSO,453.0753765060851,517.4521879566396,508.32217164602935,45.9247615251228,21.29215222290109,19.152052414806565,17.72906306886692,0.0,51.81445801187495
20,0,HC,426.616379108936,435.5070787706136,438.5175244113069,6.859839249546513,2.0840033568911003,2.789659723620676,2.868532438029032,33.33333333333333,59.4189171021313
20,0,SA,426.616379108936,439.37115643934874,438.82003213143844,9.86202053229293,2.9897533135163106,2.8605683279183687,3.9692937300776,26.666666666666668,59.07523424757057
20,1,GA,379.728672814875,388.79915351608025,385.95851582554735,10.806763584177649,2.388674164099106,1.6406037933589477,3.5503376158171016,43.333333333333336,64.10841868477004
20,1,ACO,379.7286728148749,379.7286728148751,379.728672814875,1.0660590902204781e-13,1.896134504582409e-14,1.4969482930913752e-14,1.4969482930913752e-14,100.0,39.71070112719164
20,1,PSO,379.728672814875,472.1924880453285,468.228747725865,60.136187876281866,24.349969293873002,23.306134418281232,18.67032514723448,3.3333333333333335,56.98274515147807
20,1,HC,379.7286728148749,380.6377905204918,379.72867281487504,1.892989157051829,0.2394124464917651,2.9938965861827503e-14,0.37676033577925794,90.0,64.85745236347022
20,1,SA,379.7286728148749,380.974429321878,381.1593398376224,1.8340080317017313,0.3280649042824103,0.3767603357792617,0.3767603357792617,90.0,64.8303878248357
20,2,GA,430.2436686014656,441.07491150831174,440.0210497332727,11.569148070145813,2.517467123235959,2.2725217929619155,4.115646390303424,43.333333333333336,61.775627157606785
20,2,ACO,430.2436686014656,430.24366860146586,430.2436686014657,1.8252265859034996e-13,2.9947002629924566e-14,2.642382584993344e-14,1.3211912924966723e-14,100.0,42.99985006807946
20,2,PSO,443.4257275145923,526.6436774286971,515.4373081267622,65.37608973110068,22.405909920902676,19.80125350879048,17.162581236204055,0.0,54.048407055031596
20,2,HC,430.2436686014656,434.1345662770603,430.24366860146574,5.883660911647449,0.9043474569288388,3.963573877490016e-14,2.2725217929618986,66.66666666666666,62.376931982690465
20,2,SA,430.2436686014656,434.38897007586064,430.24366860146574,6.689361455967435,0.9634776237078834,3.963573877490016e-14,2.2725217929618986,70.0,62.358000009366016
20,3,GA,426.4204325037582,432.39771748555626,432.2017536699723,6.393928042193841,1.4017351248161318,1.3557795840759113,2.335731283686029,43.333333333333336,60.6421311121374
20,3,ACO,426.42043250375815,426.61885880749446,426.4204325037582,1.086825625586145,0.04653301967052803,1.333036940257478e-14,2.3328146454505864e-14,96.66666666666667,40.815606040635586
20,3,PSO,446.6256294028596,528.2440630555192,531.8034921203027,45.58977726449007,23.878694075210316,24.713416990311742,13.386175532193814,0.0,50.25530482927935
20,3,HC,426.42043250375815,426.6131432092988,426.42043250375826,1.0555200049724978,0.04519265280254793,1.999555410386217e-14,1.333036940257478e-14,96.66666666666667,61.16770073896451
20,3,SA,426.42043250375815,426.4204325037584,426.4204325037582,1.4473051799615556e-13,1.7773825870099706e-14,1.333036940257478e-14,1.333036940257478e-14,100.0,61.186794214291396
20,4,GA,317.7607375024852,320.6140683982123,321.631425880293,3.9447853100897206,0.8979494817872975,1.218114109449268,1.2181141094492858,46.666666666666664,63.60572478626656
20,4,ACO,317.7607375024852,317.76073750248526,317.76073750248526,3.656552513022444e-14,1.1925832269814527e-14,1.7888748404721788e-14,1.7888748404721788e-14,100.0,38.97529595833972
20,4,PSO,328.2745272747146,401.80252434217783,398.0707627327653,40.86178107942984,26.44813437312575,25.27374082194531,15.367747830096604,0.0,55.87997617804219
20,4,HC,317.7607375024852,318.81220735526165,317.7607375024852,2.3350507140249133,0.33089986542727906,8.944374202360894e-15,1.7888748404721788e-14,80.0,63.81620969759796
20,4,SA,317.7607375024852,319.1260469644111,317.76073750248526,1.818097439450569,0.4296658777471759,1.7888748404721788e-14,1.218114109449268,66.66666666666666,63.78245676528524
50,0,GA,549.1662971726482,579.1640333226048,576.5782569563432,20.773261091320453,6.633236562545302,6.1571543352364575,5.817647383610494,0.0,76.1673754191589
50,0,ACO,543.1365041451203,547.7774258047152,548.0432278348773,1.9235284789212588,0.8544669018149754,0.9034052493820132,0.23119640738447955,70.0,57.06616700919339
50,0,PSO,886.863462462233,1094.1826460765044,1087.4202245078866,110.03572202327729,101.45628911441214,100.21122060640202,27.971720530117153,0.0,55.92154871278103
50,0,HC,549.711317811245,567.6001671558581,565.317440734091,12.808608744365657,4.5041463470114005,4.08386039599432,1.0199979757346966,0.0,76.64607019924453
50,0,SA,547.7378624785097,556.6221038787775,551.5818155595773,9.270234330580001,2.4829116862404823,1.5549150812003945,2.054938528578543,3.3333333333333335,77.0917761889149
50,1,GA,565.5689001857005,596.5391210365193,596.174597421513,16.64291647318654,5.870287150790465,5.805593623688843,3.962443122996307,6.666666666666667,76.12449185827654
50,1,ACO,568.7863699393545,575.2178255430204,574.5148171798365,4.35944972049138,2.0863078664118917,1.96154203856418,0.41446935083947856,3.3333333333333335,52.70561050413115
50,1,PSO,944.42314390517,1119.5277931135902,1108.7292132364068,111.21896509532641,98.68726920085875,96.77080016789455,28.36371111996101,0.0,55.02911423117048
50,1,HC,563.9039979569314,582.6368670764957,581.1334305014814,11.539457481473303,3.4029961268027757,3.136174964037795,2.7217655105138947,10.0,76.68494635491174
50,1,SA,563.4622679230782,575.1476413885044,573.1558458513955,7.5781450892939075,2.0738519916335374,1.7203597259578245,2.0141879521163357,23.333333333333332,76.98308265280113
50,2,GA,527.0220134421129,554.8798745746019,549.1016787727611,21.87299791494903,7.237068153932608,6.120363790697577,7.001566170856118,0.0,78.22262271538564
50,2,ACO,517.432902751597,517.8380381913653,517.4329027515971,1.1724808939136073,0.07829719324259465,2.197131978215028e-14,0.010950223529543928,100.0,57.12990723956602
50,2,PSO,871.4330247666893,1088.2586296855068,1094.8328225753262,89.1788507518929,110.31879184690054,111.58933201836231,22.637328115164706,0.0,56.997922092086675
50,2,HC,517.432902751597,550.1868816167294,548.2182262389072,15.146461642064788,6.330092015979992,5.949626187975364,2.0325355031895436,3.3333333333333335,78.40976305780713
50,2,SA,517.432902751597,533.4190877178205,530.9763072408819,13.912993896894822,3.0895184440750487,2.6174223589694314,2.7573455744567994,23.333333333333332,79.05457272250518
50,3,GA,586.0367062014686,626.2479159937936,621.7733678359904,23.783460912126515,8.376156970902636,7.601808152903935,4.879542773204346,0.0,74.45863299625513
50,3,ACO,577.8465794482191,578.7986513906809,577.8465794482192,2.4068576907384225,0.1647620625133362,1.967422526411329e-14,0.029279380608494,93.33333333333333,54.959298839348214
50,3,PSO,896.4089362498916,1134.947215071709,1111.2057742090806,116.05603441529932,96.4097833988151,92.30117711697136,27.60901695644361,0.0,54.50122189462136
50,3,HC,586.8100739495686,603.9273271608345,600.3518866138216,11.188543370451967,4.513438106273736,3.8946855386930985,2.627850133033934,0.0,75.37307476893118
50,3,SA,581.0661844527561,597.0868531645137,595.0466284652325,9.562385379814716,3.32965087976585,2.9765771103875895,1.8757513620614996,3.3333333333333335,75.64577905997733
50,4,GA,586.0234978981887,625.6475595065074,622.8599487037889,19.684064263032557,7.756009975937671,7.275896511252084,4.349622705760584,3.3333333333333335,76.31737541448348
50,4,ACO,581.6372005804093,587.3417703350503,584.9396810228578,7.795435155263881,1.1585591629728584,0.7448445149178337,0.5589300872022243,63.33333333333333,57.36358514260971
50,4,PSO,978.0644868692748,1199.8903157635953,1175.066375022471,122.56427771742216,106.65851064365611,102.38305433363297,22.816835162924065,0.0,55.19614895743005
50,4,HC,586.9336631102925,611.1817956538301,610.9823374251756,14.761973290539931,5.264554570520359,5.230201646817404,3.081996230363897,0.0,76.87354945984994
50,4,SA,580.6150020274662,601.3031306153929,598.0278690134793,16.970068449068332,3.563140551946669,2.999038420503884,4.3617058716302735,26.666666666666668,77.23824142526001
100,0,GA,879.3564796913238,949.6514209509955,953.3593158971482,25.349110024563178,13.70191372408196,14.145860568117833,3.4675897610958284,0.0,81.11959412129782
100,0,ACO,837.2644659066177,852.1796937210643,851.8928202550999,8.724428811519381,2.031608519950821,1.9972611148322754,1.5312881224223807,20.0,62.22152492974695
100,0,PSO,2313.4254930442094,2608.7144464992725,2541.4439144581825,176.2233180408869,212.34179024298285,204.28747888034673,31.466887818098,0.0,47.48753570300303
100,0,HC,844.9471576988481,900.4307100714047,901.5795651425092,21.168378049061303,7.808710282902626,7.946262880934206,2.7688520034919435,0.0,82.09833828692308
100,0,SA,848.6827803196738,873.5328989954277,873.6492898917475,15.284868594225278,4.588231139866429,4.602166640155932,2.800853241103097,0.0,82.62877802278008
100,1,GA,843.6161796762059,904.3852069671622,909.2240028640141,30.261332180910983,14.227262098148861,14.838420267136074,4.095145133983102,0.0,83.36881095079329
100,1,ACO,814.4942811605725,823.846415403846,823.966610757115,6.447277363506779,4.054909009997204,4.070090136374642,1.203478963248513,0.0,63.05716381270443
100,1,PSO,2129.4032200414285,2737.711768199157,2724.862909004046,259.34683060419496,245.78332029995988,244.1604609302627,44.173172252583925,0.0,49.07548597168307
100,1,HC,831.3631831763249,860.8121687355366,861.3896920660763,15.953332531217502,8.723823054527648,8.79676642902908,2.79809766704225,0.0,84.17543257924811
100,1,SA,791.741997799156,823.4358639836212,826.5902948335353,18.21942019333252,4.003054817423628,4.40147132920178,3.0318788884093064,13.333333333333334,84.86341845237929
100,2,GA,864.9445136819021,906.5062875455866,908.0621192347148,25.412827276649498,15.484336105963296,15.682541228398847,4.650121188479764,0.0,83.348450444369
100,2,ACO,784.9603834703754,798.6813835700275,796.1524206803117,7.871619169043947,1.747986317346407,1.4258091803888788,1.2078554546353906,16.666666666666664,64.5788003146615
100,2,PSO,2422.9196107180264,2760.2181935526446,2731.02302264804,180.73062026174057,251.63789812544286,247.9185803714016,31.49216811593601,0.0,49.2642504922763
100,2,HC,807.9529507544088,853.3113074522346,854.2523699288033,21.80998228747262,8.707563518005069,8.827450138576708,3.521924382686132,0.0,84.32064982693063
100,2,SA,799.5804375993634,824.1764507337116,821.1743440843655,16.26519581677071,4.9959294875441875,4.613476218237307,2.546182654593604,0.0,84.8566154355056
100,3,GA,872.989857631383,930.2595207594575,928.641096329246,29.318653123467215,15.913887357793653,15.712225495792516,5.608522243728062,0.0,81.48425669023327
100,3,ACO,802.543631280355,810.6149453834906,810.0919402095651,4.665246391344113,1.0057165478042251,0.9405481066702447,0.7862165049079776,50.0,65.05168314955522
100,3,PSO,2128.7960532301204,2577.41823193515,2590.336939584521,162.1193377614745,221.1561504541766,222.76587074175296,23.561129519793354,0.0,48.69910023949036
100,3,HC,849.5678522727391,886.8511521739015,885.5974005080274,21.37994505857771,10.505038929664778,10.348816686162063,2.793315281227917,0.0,82.34965979468885
100,3,SA,815.464715652009,843.9535195823203,839.8442920248319,17.71964471743028,5.159830156012969,4.647804716233121,2.5314626707770618,0.0,83.20689826272125
100,4,GA,913.5930876780824,959.0427289982197,958.341217242217,22.86454445170537,14.577367148649788,14.49355714978709,4.09812581322919,0.0,81.68153578631471
100,4,ACO,858.2566260565483,877.4462787170108,877.4259985360541,8.458286654181139,4.8289939435660845,4.826571059090684,1.1002963545958178,0.0,62.47236540321119
100,4,PSO,2278.4588601352366,2682.118494896781,2665.722548562907,194.59935999555995,220.43418529117795,218.47535248212446,35.83453468888305,0.0,48.26641115859098
100,4,HC,873.1763612114248,913.7408787654605,914.2589325031596,21.760948507841487,9.16512995661785,9.227022124205696,3.7371897557351774,0.0,82.55239828166259
100,4,SA,837.0263280303708,877.8387261805475,878.041241757632,21.307344005974798,4.875879859862182,4.900074508262417,3.898273782837845,6.666666666666667,83.23582555218735
