n,algoritmo,mejor,media,mediana,desv,error_medio_%,error_mediana_%,IQR_error,exito_%,mejora_%
20,GA,317.7607375024852,406.44426741705325,430.24366860146563,48.72404549936818,2.506248854928901,1.6334072230047711,4.1156463903034375,36.0,61.65059074312674
20,ACO,317.7607375024852,396.19366336705133,426.4204325037582,43.5842128559003,0.009306603934119287,1.4969482930913752e-14,1.321191292496672e-14,99.33333333333333,40.90343571388314
20,PSO,328.2745272747146,489.26698816567233,486.7219473172479,70.86457011483678,23.674971977202567,23.0961038945769,17.301213075519563,0.6666666666666667,53.79617824514123
20,HC,317.7607375024852,399.14095722654525,426.42043250375826,45.285687617123735,0.7207711557083062,2.666073880514956e-14,1.2181141094492725,73.33333333333333,62.32744237697089
20,SA,317.7607375024852,400.05620706105134,426.4204325037582,45.92889492628742,0.9421923438507596,2.666073880514956e-14,1.2181141094492725,70.66666666666667,62.24657461226978
50,GA,527.0220134421129,596.4957008868053,597.1295915171298,34.27880344515063,7.174551762821736,6.6115110801107235,5.310370631392555,2.0,76.25809968071194
50,ACO,517.432902751597,561.3947422529664,574.5148171798365,25.92241755035255,0.8684786373911313,0.664428451089699,1.3135860007572513,66.0,55.8449137469697
50,PSO,871.4330247666893,1127.3613199421811,1119.4635185851484,116.05936455573094,102.70612884092853,101.72486961847136,27.98684921491831,0.0,55.52919117761792
50,HC,517.432902751597,583.1066077327496,587.581951836657,26.11348611332291,4.803045433317654,4.414939392803019,3.0877837138483333,2.666666666666667,76.7974807681489
50,SA,517.432902751597,572.7157633530018,573.679539375185,28.0680510277111,2.907814710732317,2.4952955946611532,2.6125717601252387,16.0,77.2026904098917
100,GA,843.6161796762059,929.9690330442843,929.7547802409686,34.48008205678794,14.780953286927513,14.913003420138104,4.2161858759603135,0.0,82.20052959860162
100,ACO,784.9603834703754,832.5537433590878,823.966610757115,29.658584040203046,2.7338428677329483,2.6632870266957225,3.0396708716733496,17.333333333333336,63.476307521975855
100,PSO,2128.7960532301204,2673.236227016601,2662.2635399895908,207.46418734679932,230.270668882748,228.01292818328702,39.56262592289593,0.0,48.558556713008755
100,HC,807.9529507544088,883.0292434397078,883.4180300267026,30.68350395859213,8.982053148343594,8.970783548253443,3.7151472688122666,0.0,83.09929575389064
100,SA,791.741997799156,848.5874918951257,844.7304379953482,29.330565151159917,4.724585092141879,4.560475279691831,2.8652557449152303,4.0,83.75830714511471
